BODY;YEAR;DAY;RAD_AU;SE_LAT;SE_LON
Mercury;2020;1;0.47;-3.9;262.5
Mercury;2020;2;0.47;-4.2;265.2
Mercury;2020;3;0.46;-4.5;268.0
Mercury;2020;4;0.46;-4.7;270.8
Mercury;2020;5;0.46;-5.0;273.6
Mercury;2020;6;0.46;-5.2;276.4
Mercury;2020;7;0.46;-5.4;279.2
Mercury;2020;8;0.46;-5.6;282.1
Mercury;2020;9;0.45;-5.8;285.0
Mercury;2020;10;0.45;-6.0;288.0
Mercury;2020;11;0.45;-6.2;291.0
Mercury;2020;12;0.44;-6.4;294.0
Mercury;2020;13;0.44;-6.5;297.1
Mercury;2020;14;0.44;-6.6;300.2
Mercury;2020;15;0.43;-6.8;303.4
Mercury;2020;16;0.43;-6.9;306.7
Mercury;2020;17;0.42;-6.9;310.0
Mercury;2020;18;0.42;-7.0;313.4
Mercury;2020;19;0.41;-7.0;316.9
Mercury;2020;20;0.41;-7.0;320.4
Mercury;2020;21;0.40;-7.0;324.1
Mercury;2020;22;0.40;-6.9;327.8
Mercury;2020;23;0.39;-6.8;331.7
Mercury;2020;24;0.39;-6.7;335.6
Mercury;2020;25;0.38;-6.5;339.7
Mercury;2020;26;0.38;-6.3;343.9
Mercury;2020;27;0.37;-6.1;348.2
Mercury;2020;28;0.36;-5.8;352.7
Mercury;2020;29;0.36;-5.5;357.3
Mercury;2020;30;0.35;-5.1;2.0
Mercury;2020;31;0.35;-4.7;6.9
Mercury;2020;32;0.34;-4.2;12.0
Mercury;2020;33;0.34;-3.7;17.1
Mercury;2020;34;0.33;-3.1;22.5
Mercury;2020;35;0.33;-2.5;28.0
Mercury;2020;36;0.32;-1.8;33.6
Mercury;2020;37;0.32;-1.1;39.4
Mercury;2020;38;0.32;-0.4;45.3
Mercury;2020;39;0.31;0.3;51.3
Mercury;2020;40;0.31;1.1;57.5
Mercury;2020;41;0.31;1.8;63.7
Mercury;2020;42;0.31;2.6;69.9
Mercury;2020;43;0.31;3.3;76.2
Mercury;2020;44;0.31;3.9;82.6
Mercury;2020;45;0.31;4.5;88.9
Mercury;2020;46;0.31;5.1;95.2
Mercury;2020;47;0.31;5.6;101.4
Mercury;2020;48;0.31;6.0;107.5
Mercury;2020;49;0.32;6.3;113.5
Mercury;2020;50;0.32;6.6;119.4
Mercury;2020;51;0.33;6.8;125.2
Mercury;2020;52;0.33;6.9;130.8
Mercury;2020;53;0.33;7.0;136.3
Mercury;2020;54;0.34;7.0;141.6
Mercury;2020;55;0.35;6.9;146.8
Mercury;2020;56;0.35;6.8;151.8
Mercury;2020;57;0.36;6.7;156.6
Mercury;2020;58;0.36;6.5;161.3
Mercury;2020;59;0.37;6.2;165.8
Mercury;2020;60;0.37;6.0;170.2
Mercury;2020;61;0.38;5.7;174.4
Mercury;2020;62;0.39;5.4;178.5
Mercury;2020;63;0.39;5.1;182.5
Mercury;2020;64;0.40;4.7;186.4
Mercury;2020;65;0.40;4.4;190.2
Mercury;2020;66;0.41;4.0;193.8
Mercury;2020;67;0.41;3.6;197.4
Mercury;2020;68;0.42;3.3;200.8
Mercury;2020;69;0.42;2.9;204.2
Mercury;2020;70;0.43;2.5;207.5
Mercury;2020;71;0.43;2.2;210.8
Mercury;2020;72;0.44;1.8;214.0
Mercury;2020;73;0.44;1.4;217.1
Mercury;2020;74;0.44;1.0;220.2
Mercury;2020;75;0.45;0.7;223.2
Mercury;2020;76;0.45;0.3;226.1
Mercury;2020;77;0.45;-0.1;229.1
Mercury;2020;78;0.45;-0.4;232.0
Mercury;2020;79;0.46;-0.8;234.8
Mercury;2020;80;0.46;-1.1;237.7
Mercury;2020;81;0.46;-1.4;240.5
Mercury;2020;82;0.46;-1.8;243.3
Mercury;2020;83;0.46;-2.1;246.0
Mercury;2020;84;0.47;-2.4;248.8
Mercury;2020;85;0.47;-2.7;251.6
Mercury;2020;86;0.47;-3.0;254.3
Mercury;2020;87;0.47;-3.3;257.0
Mercury;2020;88;0.47;-3.6;259.8
Mercury;2020;89;0.47;-3.9;262.5
Mercury;2020;90;0.47;-4.2;265.3
Mercury;2020;91;0.46;-4.5;268.1
Mercury;2020;92;0.46;-4.7;270.9
Mercury;2020;93;0.46;-5.0;273.7
Mercury;2020;94;0.46;-5.2;276.5
Mercury;2020;95;0.46;-5.4;279.3
Mercury;2020;96;0.46;-5.6;282.2
Mercury;2020;97;0.45;-5.8;285.1
Mercury;2020;98;0.45;-6.0;288.1
Mercury;2020;99;0.45;-6.2;291.1
Mercury;2020;100;0.44;-6.4;294.1
Mercury;2020;101;0.44;-6.5;297.2
Mercury;2020;102;0.44;-6.6;300.3
Mercury;2020;103;0.43;-6.8;303.5
Mercury;2020;104;0.43;-6.9;306.8
Mercury;2020;105;0.42;-6.9;310.1
Mercury;2020;106;0.42;-7.0;313.5
Mercury;2020;107;0.41;-7.0;317.0
Mercury;2020;108;0.41;-7.0;320.5
Mercury;2020;109;0.40;-7.0;324.2
Mercury;2020;110;0.40;-6.9;327.9
Mercury;2020;111;0.39;-6.8;331.8
Mercury;2020;112;0.39;-6.7;335.8
Mercury;2020;113;0.38;-6.5;339.8
Mercury;2020;114;0.38;-6.3;344.0
Mercury;2020;115;0.37;-6.1;348.4
Mercury;2020;116;0.36;-5.8;352.8
Mercury;2020;117;0.36;-5.5;357.4
Mercury;2020;118;0.35;-5.1;2.2
Mercury;2020;119;0.35;-4.7;7.1
Mercury;2020;120;0.34;-4.2;12.1
Mercury;2020;121;0.34;-3.7;17.3
Mercury;2020;122;0.33;-3.1;22.7
Mercury;2020;123;0.33;-2.5;28.1
Mercury;2020;124;0.32;-1.8;33.8
Mercury;2020;125;0.32;-1.1;39.6
Mercury;2020;126;0.32;-0.4;45.5
Mercury;2020;127;0.31;0.4;51.5
Mercury;2020;128;0.31;1.1;57.6
Mercury;2020;129;0.31;1.8;63.9
Mercury;2020;130;0.31;2.6;70.1
Mercury;2020;131;0.31;3.3;76.4
Mercury;2020;132;0.31;3.9;82.8
Mercury;2020;133;0.31;4.6;89.1
Mercury;2020;134;0.31;5.1;95.3
Mercury;2020;135;0.31;5.6;101.6
Mercury;2020;136;0.31;6.0;107.7
Mercury;2020;137;0.32;6.4;113.7
Mercury;2020;138;0.32;6.6;119.6
Mercury;2020;139;0.33;6.8;125.4
Mercury;2020;140;0.33;6.9;131.0
Mercury;2020;141;0.33;7.0;136.5
Mercury;2020;142;0.34;7.0;141.8
Mercury;2020;143;0.35;6.9;146.9
Mercury;2020;144;0.35;6.8;151.9
Mercury;2020;145;0.36;6.7;156.7
Mercury;2020;146;0.36;6.5;161.4
Mercury;2020;147;0.37;6.2;165.9
Mercury;2020;148;0.37;6.0;170.3
Mercury;2020;149;0.38;5.7;174.6
Mercury;2020;150;0.39;5.4;178.7
Mercury;2020;151;0.39;5.0;182.6
Mercury;2020;152;0.40;4.7;186.5
Mercury;2020;153;0.40;4.4;190.3
Mercury;2020;154;0.41;4.0;193.9
Mercury;2020;155;0.41;3.6;197.5
Mercury;2020;156;0.42;3.3;201.0
Mercury;2020;157;0.42;2.9;204.3
Mercury;2020;158;0.43;2.5;207.7
Mercury;2020;159;0.43;2.1;210.9
Mercury;2020;160;0.44;1.8;214.1
Mercury;2020;161;0.44;1.4;217.2
Mercury;2020;162;0.44;1.0;220.2
Mercury;2020;163;0.45;0.7;223.3
Mercury;2020;164;0.45;0.3;226.2
Mercury;2020;165;0.45;-0.1;229.2
Mercury;2020;166;0.45;-0.4;232.1
Mercury;2020;167;0.46;-0.8;234.9
Mercury;2020;168;0.46;-1.1;237.7
Mercury;2020;169;0.46;-1.5;240.6
Mercury;2020;170;0.46;-1.8;243.3
Mercury;2020;171;0.46;-2.1;246.1
Mercury;2020;172;0.47;-2.4;248.9
Mercury;2020;173;0.47;-2.7;251.6
Mercury;2020;174;0.47;-3.1;254.4
Mercury;2020;175;0.47;-3.4;257.1
Mercury;2020;176;0.47;-3.6;259.9
Mercury;2020;177;0.47;-3.9;262.6
Mercury;2020;178;0.47;-4.2;265.4
Mercury;2020;179;0.46;-4.5;268.2
Mercury;2020;180;0.46;-4.7;270.9
Mercury;2020;181;0.46;-5.0;273.7
Mercury;2020;182;0.46;-5.2;276.6
Mercury;2020;183;0.46;-5.4;279.4
Mercury;2020;184;0.46;-5.6;282.3
Mercury;2020;185;0.45;-5.9;285.2
Mercury;2020;186;0.45;-6.0;288.2
Mercury;2020;187;0.45;-6.2;291.1
Mercury;2020;188;0.44;-6.4;294.2
Mercury;2020;189;0.44;-6.5;297.3
Mercury;2020;190;0.44;-6.7;300.4
Mercury;2020;191;0.43;-6.8;303.6
Mercury;2020;192;0.43;-6.9;306.9
Mercury;2020;193;0.42;-6.9;310.2
Mercury;2020;194;0.42;-7.0;313.6
Mercury;2020;195;0.41;-7.0;317.1
Mercury;2020;196;0.41;-7.0;320.6
Mercury;2020;197;0.40;-7.0;324.3
Mercury;2020;198;0.40;-6.9;328.1
Mercury;2020;199;0.39;-6.8;331.9
Mercury;2020;200;0.39;-6.7;335.9
Mercury;2020;201;0.38;-6.5;340.0
Mercury;2020;202;0.38;-6.3;344.2
Mercury;2020;203;0.37;-6.1;348.5
Mercury;2020;204;0.36;-5.8;353.0
Mercury;2020;205;0.36;-5.5;357.6
Mercury;2020;206;0.35;-5.1;2.3
Mercury;2020;207;0.35;-4.6;7.2
Mercury;2020;208;0.34;-4.2;12.3
Mercury;2020;209;0.34;-3.6;17.5
Mercury;2020;210;0.33;-3.1;22.8
Mercury;2020;211;0.33;-2.4;28.3
Mercury;2020;212;0.32;-1.8;34.0
Mercury;2020;213;0.32;-1.1;39.8
Mercury;2020;214;0.32;-0.4;45.7
Mercury;2020;215;0.31;0.4;51.7
Mercury;2020;216;0.31;1.1;57.8
Mercury;2020;217;0.31;1.9;64.0
Mercury;2020;218;0.31;2.6;70.3
Mercury;2020;219;0.31;3.3;76.6
Mercury;2020;220;0.31;4.0;83.0
Mercury;2020;221;0.31;4.6;89.3
Mercury;2020;222;0.31;5.1;95.5
Mercury;2020;223;0.31;5.6;101.7
Mercury;2020;224;0.31;6.0;107.9
Mercury;2020;225;0.32;6.4;113.9
Mercury;2020;226;0.32;6.6;119.8
Mercury;2020;227;0.33;6.8;125.6
Mercury;2020;228;0.33;6.9;131.2
Mercury;2020;229;0.34;7.0;136.6
Mercury;2020;230;0.34;7.0;141.9
Mercury;2020;231;0.35;6.9;147.1
Mercury;2020;232;0.35;6.8;152.1
Mercury;2020;233;0.36;6.7;156.9
Mercury;2020;234;0.36;6.5;161.6
Mercury;2020;235;0.37;6.2;166.1
Mercury;2020;236;0.37;6.0;170.4
Mercury;2020;237;0.38;5.7;174.7
Mercury;2020;238;0.39;5.4;178.8
Mercury;2020;239;0.39;5.0;182.8
Mercury;2020;240;0.40;4.7;186.6
Mercury;2020;241;0.40;4.3;190.4
Mercury;2020;242;0.41;4.0;194.0
Mercury;2020;243;0.41;3.6;197.6
Mercury;2020;244;0.42;3.3;201.1
Mercury;2020;245;0.42;2.9;204.4
Mercury;2020;246;0.43;2.5;207.8
Mercury;2020;247;0.43;2.1;211.0
Mercury;2020;248;0.44;1.8;214.2
Mercury;2020;249;0.44;1.4;217.3
Mercury;2020;250;0.44;1.0;220.3
Mercury;2020;251;0.45;0.6;223.4
Mercury;2020;252;0.45;0.3;226.3
Mercury;2020;253;0.45;-0.1;229.2
Mercury;2020;254;0.46;-0.4;232.1
Mercury;2020;255;0.46;-0.8;235.0
Mercury;2020;256;0.46;-1.1;237.8
Mercury;2020;257;0.46;-1.5;240.6
Mercury;2020;258;0.46;-1.8;243.4
Mercury;2020;259;0.46;-2.1;246.2
Mercury;2020;260;0.47;-2.4;249.0
Mercury;2020;261;0.47;-2.8;251.7
Mercury;2020;262;0.47;-3.1;254.5
Mercury;2020;263;0.47;-3.4;257.2
Mercury;2020;264;0.47;-3.7;260.0
Mercury;2020;265;0.47;-3.9;262.7
Mercury;2020;266;0.47;-4.2;265.5
Mercury;2020;267;0.46;-4.5;268.2
Mercury;2020;268;0.46;-4.7;271.0
Mercury;2020;269;0.46;-5.0;273.8
Mercury;2020;270;0.46;-5.2;276.7
Mercury;2020;271;0.46;-5.4;279.5
Mercury;2020;272;0.46;-5.7;282.4
Mercury;2020;273;0.45;-5.9;285.3
Mercury;2020;274;0.45;-6.0;288.2
Mercury;2020;275;0.45;-6.2;291.2
Mercury;2020;276;0.44;-6.4;294.3
Mercury;2020;277;0.44;-6.5;297.4
Mercury;2020;278;0.44;-6.7;300.5
Mercury;2020;279;0.43;-6.8;303.7
Mercury;2020;280;0.43;-6.9;307.0
Mercury;2020;281;0.42;-6.9;310.3
Mercury;2020;282;0.42;-7.0;313.7
Mercury;2020;283;0.41;-7.0;317.2
Mercury;2020;284;0.41;-7.0;320.8
Mercury;2020;285;0.40;-7.0;324.4
Mercury;2020;286;0.40;-6.9;328.2
Mercury;2020;287;0.39;-6.8;332.0
Mercury;2020;288;0.39;-6.7;336.0
Mercury;2020;289;0.38;-6.5;340.1
Mercury;2020;290;0.38;-6.3;344.3
Mercury;2020;291;0.37;-6.1;348.6
Mercury;2020;292;0.36;-5.8;353.1
Mercury;2020;293;0.36;-5.4;357.7
Mercury;2020;294;0.35;-5.1;2.5
Mercury;2020;295;0.35;-4.6;7.4
Mercury;2020;296;0.34;-4.1;12.4
Mercury;2020;297;0.34;-3.6;17.6
Mercury;2020;298;0.33;-3.0;23.0
Mercury;2020;299;0.33;-2.4;28.5
Mercury;2020;300;0.32;-1.8;34.1
Mercury;2020;301;0.32;-1.1;39.9
Mercury;2020;302;0.32;-0.3;45.9
Mercury;2020;303;0.31;0.4;51.9
Mercury;2020;304;0.31;1.1;58.0
Mercury;2020;305;0.31;1.9;64.2
Mercury;2020;306;0.31;2.6;70.5
Mercury;2020;307;0.31;3.3;76.8
Mercury;2020;308;0.31;4.0;83.1
Mercury;2020;309;0.31;4.6;89.5
Mercury;2020;310;0.31;5.1;95.7
Mercury;2020;311;0.31;5.6;101.9
Mercury;2020;312;0.31;6.0;108.1
Mercury;2020;313;0.32;6.4;114.1
Mercury;2020;314;0.32;6.6;120.0
Mercury;2020;315;0.33;6.8;125.7
Mercury;2020;316;0.33;6.9;131.4
Mercury;2020;317;0.34;7.0;136.8
Mercury;2020;318;0.34;7.0;142.1
Mercury;2020;319;0.35;6.9;147.2
Mercury;2020;320;0.35;6.8;152.2
Mercury;2020;321;0.36;6.6;157.0
Mercury;2020;322;0.36;6.4;161.7
Mercury;2020;323;0.37;6.2;166.2
Mercury;2020;324;0.37;5.9;170.6
Mercury;2020;325;0.38;5.7;174.8
Mercury;2020;326;0.39;5.4;178.9
Mercury;2020;327;0.39;5.0;182.9
Mercury;2020;328;0.40;4.7;186.7
Mercury;2020;329;0.40;4.3;190.5
Mercury;2020;330;0.41;4.0;194.1
Mercury;2020;331;0.41;3.6;197.7
Mercury;2020;332;0.42;3.2;201.2
Mercury;2020;333;0.42;2.9;204.5
Mercury;2020;334;0.43;2.5;207.9
Mercury;2020;335;0.43;2.1;211.1
Mercury;2020;336;0.44;1.7;214.3
Mercury;2020;337;0.44;1.4;217.4
Mercury;2020;338;0.44;1.0;220.4
Mercury;2020;339;0.45;0.6;223.4
Mercury;2020;340;0.45;0.3;226.4
Mercury;2020;341;0.45;-0.1;229.3
Mercury;2020;342;0.46;-0.4;232.2
Mercury;2020;343;0.46;-0.8;235.1
Mercury;2020;344;0.46;-1.1;237.9
Mercury;2020;345;0.46;-1.5;240.7
Mercury;2020;346;0.46;-1.8;243.5
Mercury;2020;347;0.46;-2.1;246.3
Mercury;2020;348;0.47;-2.5;249.1
Mercury;2020;349;0.47;-2.8;251.8
Mercury;2020;350;0.47;-3.1;254.6
Mercury;2020;351;0.47;-3.4;257.3
Mercury;2020;352;0.47;-3.7;260.0
Mercury;2020;353;0.47;-3.9;262.8
Mercury;2020;354;0.47;-4.2;265.6
Mercury;2020;355;0.46;-4.5;268.3
Mercury;2020;356;0.46;-4.7;271.1
Mercury;2020;357;0.46;-5.0;273.9
Mercury;2020;358;0.46;-5.2;276.7
Mercury;2020;359;0.46;-5.4;279.6
Mercury;2020;360;0.46;-5.7;282.5
Mercury;2020;361;0.45;-5.9;285.4
Mercury;2020;362;0.45;-6.1;288.3
Mercury;2020;363;0.45;-6.2;291.3
Mercury;2020;364;0.44;-6.4;294.4
Mercury;2020;365;0.44;-6.5;297.5
Mercury;2020;366;0.44;-6.7;300.6
Venus;2020;1;0.73;-3.2;4.4
Venus;2020;2;0.73;-3.2;6.0
Venus;2020;3;0.73;-3.2;7.6
Venus;2020;4;0.73;-3.1;9.2
Venus;2020;5;0.73;-3.1;10.8
Venus;2020;6;0.73;-3.1;12.4
Venus;2020;7;0.73;-3.0;14.0
Venus;2020;8;0.73;-3.0;15.6
Venus;2020;9;0.73;-2.9;17.2
Venus;2020;10;0.73;-2.9;18.8
Venus;2020;11;0.73;-2.8;20.4
Venus;2020;12;0.72;-2.8;22.0
Venus;2020;13;0.72;-2.7;23.6
Venus;2020;14;0.72;-2.7;25.2
Venus;2020;15;0.72;-2.6;26.7
Venus;2020;16;0.72;-2.5;28.3
Venus;2020;17;0.72;-2.5;29.9
Venus;2020;18;0.72;-2.4;31.5
Venus;2020;19;0.72;-2.4;33.1
Venus;2020;20;0.72;-2.3;34.7
Venus;2020;21;0.72;-2.2;36.3
Venus;2020;22;0.72;-2.1;37.9
Venus;2020;23;0.72;-2.1;39.5
Venus;2020;24;0.72;-2.0;41.1
Venus;2020;25;0.72;-1.9;42.7
Venus;2020;26;0.72;-1.8;44.3
Venus;2020;27;0.72;-1.8;45.9
Venus;2020;28;0.72;-1.7;47.5
Venus;2020;29;0.72;-1.6;49.2
Venus;2020;30;0.72;-1.5;50.8
Venus;2020;31;0.72;-1.4;52.4
Venus;2020;32;0.72;-1.3;54.0
Venus;2020;33;0.72;-1.2;55.6
Venus;2020;34;0.72;-1.2;57.2
Venus;2020;35;0.72;-1.1;58.8
Venus;2020;36;0.72;-1.0;60.4
Venus;2020;37;0.72;-0.9;62.0
Venus;2020;38;0.72;-0.8;63.6
Venus;2020;39;0.72;-0.7;65.2
Venus;2020;40;0.72;-0.6;66.8
Venus;2020;41;0.72;-0.5;68.4
Venus;2020;42;0.72;-0.4;70.0
Venus;2020;43;0.72;-0.3;71.7
Venus;2020;44;0.72;-0.2;73.3
Venus;2020;45;0.72;-0.1;74.9
Venus;2020;46;0.72;-0.0;76.5
Venus;2020;47;0.72;0.1;78.1
Venus;2020;48;0.72;0.2;79.7
Venus;2020;49;0.72;0.3;81.3
Venus;2020;50;0.72;0.4;82.9
Venus;2020;51;0.72;0.4;84.6
Venus;2020;52;0.72;0.5;86.2
Venus;2020;53;0.72;0.6;87.8
Venus;2020;54;0.72;0.7;89.4
Venus;2020;55;0.72;0.8;91.0
Venus;2020;56;0.72;0.9;92.6
Venus;2020;57;0.72;1.0;94.2
Venus;2020;58;0.72;1.1;95.9
Venus;2020;59;0.72;1.2;97.5
Venus;2020;60;0.72;1.3;99.1
Venus;2020;61;0.72;1.4;100.7
Venus;2020;62;0.72;1.5;102.3
Venus;2020;63;0.72;1.5;104.0
Venus;2020;64;0.72;1.6;105.6
Venus;2020;65;0.72;1.7;107.2
Venus;2020;66;0.72;1.8;108.8
Venus;2020;67;0.72;1.9;110.4
Venus;2020;68;0.72;2.0;112.1
Venus;2020;69;0.72;2.0;113.7
Venus;2020;70;0.72;2.1;115.3
Venus;2020;71;0.72;2.2;116.9
Venus;2020;72;0.72;2.3;118.6
Venus;2020;73;0.72;2.3;120.2
Venus;2020;74;0.72;2.4;121.8
Venus;2020;75;0.72;2.5;123.4
Venus;2020;76;0.72;2.5;125.1
Venus;2020;77;0.72;2.6;126.7
Venus;2020;78;0.72;2.6;128.3
Venus;2020;79;0.72;2.7;129.9
Venus;2020;80;0.72;2.8;131.6
Venus;2020;81;0.72;2.8;133.2
Venus;2020;82;0.72;2.9;134.8
Venus;2020;83;0.72;2.9;136.4
Venus;2020;84;0.72;3.0;138.1
Venus;2020;85;0.72;3.0;139.7
Venus;2020;86;0.72;3.1;141.3
Venus;2020;87;0.72;3.1;142.9
Venus;2020;88;0.72;3.1;144.6
Venus;2020;89;0.72;3.2;146.2
Venus;2020;90;0.72;3.2;147.8
Venus;2020;91;0.72;3.2;149.4
Venus;2020;92;0.72;3.3;151.1
Venus;2020;93;0.72;3.3;152.7
Venus;2020;94;0.72;3.3;154.3
Venus;2020;95;0.72;3.3;155.9
Venus;2020;96;0.72;3.3;157.6
Venus;2020;97;0.72;3.4;159.2
Venus;2020;98;0.72;3.4;160.8
Venus;2020;99;0.72;3.4;162.4
Venus;2020;100;0.72;3.4;164.0
Venus;2020;101;0.72;3.4;165.7
Venus;2020;102;0.72;3.4;167.3
Venus;2020;103;0.72;3.4;168.9
Venus;2020;104;0.72;3.4;170.5
Venus;2020;105;0.72;3.4;172.2
Venus;2020;106;0.72;3.4;173.8
Venus;2020;107;0.72;3.4;175.4
Venus;2020;108;0.72;3.3;177.0
Venus;2020;109;0.72;3.3;178.6
Venus;2020;110;0.72;3.3;180.3
Venus;2020;111;0.72;3.3;181.9
Venus;2020;112;0.72;3.3;183.5
Venus;2020;113;0.72;3.2;185.1
Venus;2020;114;0.72;3.2;186.7
Venus;2020;115;0.72;3.2;188.3
Venus;2020;116;0.72;3.1;190.0
Venus;2020;117;0.72;3.1;191.6
Venus;2020;118;0.72;3.0;193.2
Venus;2020;119;0.72;3.0;194.8
Venus;2020;120;0.72;3.0;196.4
Venus;2020;121;0.72;2.9;198.0
Venus;2020;122;0.72;2.9;199.6
Venus;2020;123;0.72;2.8;201.2
Venus;2020;124;0.72;2.8;202.9
Venus;2020;125;0.72;2.7;204.5
Venus;2020;126;0.72;2.6;206.1
Venus;2020;127;0.72;2.6;207.7
Venus;2020;128;0.72;2.5;209.3
Venus;2020;129;0.72;2.4;210.9
Venus;2020;130;0.72;2.4;212.5
Venus;2020;131;0.72;2.3;214.1
Venus;2020;132;0.72;2.2;215.7
Venus;2020;133;0.72;2.2;217.3
Venus;2020;134;0.72;2.1;218.9
Venus;2020;135;0.72;2.0;220.5
Venus;2020;136;0.72;1.9;222.1
Venus;2020;137;0.72;1.9;223.7
Venus;2020;138;0.72;1.8;225.3
Venus;2020;139;0.72;1.7;226.9
Venus;2020;140;0.72;1.6;228.5
Venus;2020;141;0.72;1.5;230.1
Venus;2020;142;0.72;1.5;231.7
Venus;2020;143;0.72;1.4;233.3
Venus;2020;144;0.72;1.3;234.9
Venus;2020;145;0.72;1.2;236.5
Venus;2020;146;0.72;1.1;238.1
Venus;2020;147;0.72;1.0;239.7
Venus;2020;148;0.72;0.9;241.3
Venus;2020;149;0.72;0.8;242.9
Venus;2020;150;0.73;0.7;244.5
Venus;2020;151;0.73;0.6;246.1
Venus;2020;152;0.73;0.6;247.7
Venus;2020;153;0.73;0.5;249.2
Venus;2020;154;0.73;0.4;250.8
Venus;2020;155;0.73;0.3;252.4
Venus;2020;156;0.73;0.2;254.0
Venus;2020;157;0.73;0.1;255.6
Venus;2020;158;0.73;-0.0;257.2
Venus;2020;159;0.73;-0.1;258.8
Venus;2020;160;0.73;-0.2;260.4
Venus;2020;161;0.73;-0.3;261.9
Venus;2020;162;0.73;-0.4;263.5
Venus;2020;163;0.73;-0.5;265.1
Venus;2020;164;0.73;-0.6;266.7
Venus;2020;165;0.73;-0.7;268.3
Venus;2020;166;0.73;-0.8;269.9
Venus;2020;167;0.73;-0.8;271.5
Venus;2020;168;0.73;-0.9;273.0
Venus;2020;169;0.73;-1.0;274.6
Venus;2020;170;0.73;-1.1;276.2
Venus;2020;171;0.73;-1.2;277.8
Venus;2020;172;0.73;-1.3;279.4
Venus;2020;173;0.73;-1.4;281.0
Venus;2020;174;0.73;-1.5;282.5
Venus;2020;175;0.73;-1.5;284.1
Venus;2020;176;0.73;-1.6;285.7
Venus;2020;177;0.73;-1.7;287.3
Venus;2020;178;0.73;-1.8;288.9
Venus;2020;179;0.73;-1.9;290.4
Venus;2020;180;0.73;-1.9;292.0
Venus;2020;181;0.73;-2.0;293.6
Venus;2020;182;0.73;-2.1;295.2
Venus;2020;183;0.73;-2.2;296.8
Venus;2020;184;0.73;-2.2;298.4
Venus;2020;185;0.73;-2.3;299.9
Venus;2020;186;0.73;-2.4;301.5
Venus;2020;187;0.73;-2.4;303.1
Venus;2020;188;0.73;-2.5;304.7
Venus;2020;189;0.73;-2.6;306.3
Venus;2020;190;0.73;-2.6;307.8
Venus;2020;191;0.73;-2.7;309.4
Venus;2020;192;0.73;-2.7;311.0
Venus;2020;193;0.73;-2.8;312.6
Venus;2020;194;0.73;-2.9;314.2
Venus;2020;195;0.73;-2.9;315.7
Venus;2020;196;0.73;-2.9;317.3
Venus;2020;197;0.73;-3.0;318.9
Venus;2020;198;0.73;-3.0;320.5
Venus;2020;199;0.73;-3.1;322.1
Venus;2020;200;0.73;-3.1;323.7
Venus;2020;201;0.73;-3.2;325.2
Venus;2020;202;0.73;-3.2;326.8
Venus;2020;203;0.73;-3.2;328.4
Venus;2020;204;0.73;-3.2;330.0
Venus;2020;205;0.73;-3.3;331.6
Venus;2020;206;0.73;-3.3;333.2
Venus;2020;207;0.73;-3.3;334.7
Venus;2020;208;0.73;-3.3;336.3
Venus;2020;209;0.73;-3.4;337.9
Venus;2020;210;0.73;-3.4;339.5
Venus;2020;211;0.73;-3.4;341.1
Venus;2020;212;0.73;-3.4;342.7
Venus;2020;213;0.73;-3.4;344.3
Venus;2020;214;0.73;-3.4;345.8
Venus;2020;215;0.73;-3.4;347.4
Venus;2020;216;0.73;-3.4;349.0
Venus;2020;217;0.73;-3.4;350.6
Venus;2020;218;0.73;-3.4;352.2
Venus;2020;219;0.73;-3.4;353.8
Venus;2020;220;0.73;-3.4;355.4
Venus;2020;221;0.73;-3.3;357.0
Venus;2020;222;0.73;-3.3;358.5
Venus;2020;223;0.73;-3.3;0.1
Venus;2020;224;0.73;-3.3;1.7
Venus;2020;225;0.73;-3.3;3.3
Venus;2020;226;0.73;-3.2;4.9
Venus;2020;227;0.73;-3.2;6.5
Venus;2020;228;0.73;-3.2;8.1
Venus;2020;229;0.73;-3.1;9.7
Venus;2020;230;0.73;-3.1;11.3
Venus;2020;231;0.73;-3.1;12.9
Venus;2020;232;0.73;-3.0;14.5
Venus;2020;233;0.73;-3.0;16.1
Venus;2020;234;0.73;-2.9;17.6
Venus;2020;235;0.73;-2.9;19.2
Venus;2020;236;0.73;-2.8;20.8
Venus;2020;237;0.72;-2.8;22.4
Venus;2020;238;0.72;-2.7;24.0
Venus;2020;239;0.72;-2.7;25.6
Venus;2020;240;0.72;-2.6;27.2
Venus;2020;241;0.72;-2.5;28.8
Venus;2020;242;0.72;-2.5;30.4
Venus;2020;243;0.72;-2.4;32.0
Venus;2020;244;0.72;-2.3;33.6
Venus;2020;245;0.72;-2.3;35.2
Venus;2020;246;0.72;-2.2;36.8
Venus;2020;247;0.72;-2.1;38.4
Venus;2020;248;0.72;-2.0;40.0
Venus;2020;249;0.72;-2.0;41.6
Venus;2020;250;0.72;-1.9;43.2
Venus;2020;251;0.72;-1.8;44.8
Venus;2020;252;0.72;-1.7;46.4
Venus;2020;253;0.72;-1.6;48.0
Venus;2020;254;0.72;-1.6;49.6
Venus;2020;255;0.72;-1.5;51.2
Venus;2020;256;0.72;-1.4;52.8
Venus;2020;257;0.72;-1.3;54.4
Venus;2020;258;0.72;-1.2;56.0
Venus;2020;259;0.72;-1.1;57.6
Venus;2020;260;0.72;-1.0;59.3
Venus;2020;261;0.72;-0.9;60.9
Venus;2020;262;0.72;-0.9;62.5
Venus;2020;263;0.72;-0.8;64.1
Venus;2020;264;0.72;-0.7;65.7
Venus;2020;265;0.72;-0.6;67.3
Venus;2020;266;0.72;-0.5;68.9
Venus;2020;267;0.72;-0.4;70.5
Venus;2020;268;0.72;-0.3;72.1
Venus;2020;269;0.72;-0.2;73.7
Venus;2020;270;0.72;-0.1;75.3
Venus;2020;271;0.72;-0.0;77.0
Venus;2020;272;0.72;0.1;78.6
Venus;2020;273;0.72;0.2;80.2
Venus;2020;274;0.72;0.3;81.8
Venus;2020;275;0.72;0.4;83.4
Venus;2020;276;0.72;0.5;85.0
Venus;2020;277;0.72;0.6;86.6
Venus;2020;278;0.72;0.7;88.3
Venus;2020;279;0.72;0.8;89.9
Venus;2020;280;0.72;0.8;91.5
Venus;2020;281;0.72;0.9;93.1
Venus;2020;282;0.72;1.0;94.7
Venus;2020;283;0.72;1.1;96.3
Venus;2020;284;0.72;1.2;98.0
Venus;2020;285;0.72;1.3;99.6
Venus;2020;286;0.72;1.4;101.2
Venus;2020;287;0.72;1.5;102.8
Venus;2020;288;0.72;1.6;104.4
Venus;2020;289;0.72;1.6;106.1
Venus;2020;290;0.72;1.7;107.7
Venus;2020;291;0.72;1.8;109.3
Venus;2020;292;0.72;1.9;110.9
Venus;2020;293;0.72;2.0;112.5
Venus;2020;294;0.72;2.1;114.2
Venus;2020;295;0.72;2.1;115.8
Venus;2020;296;0.72;2.2;117.4
Venus;2020;297;0.72;2.3;119.0
Venus;2020;298;0.72;2.3;120.7
Venus;2020;299;0.72;2.4;122.3
Venus;2020;300;0.72;2.5;123.9
Venus;2020;301;0.72;2.5;125.5
Venus;2020;302;0.72;2.6;127.2
Venus;2020;303;0.72;2.7;128.8
Venus;2020;304;0.72;2.7;130.4
Venus;2020;305;0.72;2.8;132.0
Venus;2020;306;0.72;2.8;133.7
Venus;2020;307;0.72;2.9;135.3
Venus;2020;308;0.72;2.9;136.9
Venus;2020;309;0.72;3.0;138.5
Venus;2020;310;0.72;3.0;140.2
Venus;2020;311;0.72;3.1;141.8
Venus;2020;312;0.72;3.1;143.4
Venus;2020;313;0.72;3.1;145.0
Venus;2020;314;0.72;3.2;146.7
Venus;2020;315;0.72;3.2;148.3
Venus;2020;316;0.72;3.2;149.9
Venus;2020;317;0.72;3.3;151.5
Venus;2020;318;0.72;3.3;153.2
Venus;2020;319;0.72;3.3;154.8
Venus;2020;320;0.72;3.3;156.4
Venus;2020;321;0.72;3.4;158.0
Venus;2020;322;0.72;3.4;159.7
Venus;2020;323;0.72;3.4;161.3
Venus;2020;324;0.72;3.4;162.9
Venus;2020;325;0.72;3.4;164.5
Venus;2020;326;0.72;3.4;166.2
Venus;2020;327;0.72;3.4;167.8
Venus;2020;328;0.72;3.4;169.4
Venus;2020;329;0.72;3.4;171.0
Venus;2020;330;0.72;3.4;172.6
Venus;2020;331;0.72;3.4;174.3
Venus;2020;332;0.72;3.4;175.9
Venus;2020;333;0.72;3.3;177.5
Venus;2020;334;0.72;3.3;179.1
Venus;2020;335;0.72;3.3;180.7
Venus;2020;336;0.72;3.3;182.4
Venus;2020;337;0.72;3.2;184.0
Venus;2020;338;0.72;3.2;185.6
Venus;2020;339;0.72;3.2;187.2
Venus;2020;340;0.72;3.2;188.8
Venus;2020;341;0.72;3.1;190.4
Venus;2020;342;0.72;3.1;192.1
Venus;2020;343;0.72;3.0;193.7
Venus;2020;344;0.72;3.0;195.3
Venus;2020;345;0.72;2.9;196.9
Venus;2020;346;0.72;2.9;198.5
Venus;2020;347;0.72;2.8;200.1
Venus;2020;348;0.72;2.8;201.7
Venus;2020;349;0.72;2.7;203.3
Venus;2020;350;0.72;2.7;205.0
Venus;2020;351;0.72;2.6;206.6
Venus;2020;352;0.72;2.6;208.2
Venus;2020;353;0.72;2.5;209.8
Venus;2020;354;0.72;2.4;211.4
Venus;2020;355;0.72;2.4;213.0
Venus;2020;356;0.72;2.3;214.6
Venus;2020;357;0.72;2.2;216.2
Venus;2020;358;0.72;2.1;217.8
Venus;2020;359;0.72;2.1;219.4
Venus;2020;360;0.72;2.0;221.0
Venus;2020;361;0.72;1.9;222.6
Venus;2020;362;0.72;1.8;224.2
Venus;2020;363;0.72;1.8;225.8
Venus;2020;364;0.72;1.7;227.4
Venus;2020;365;0.72;1.6;229.0
Venus;2020;366;0.72;1.5;230.6
Earth;2020;1;0.98;-0.0;100.0
Earth;2020;2;0.98;-0.0;101.0
Earth;2020;3;0.98;-0.0;102.1
Earth;2020;4;0.98;-0.0;103.1
Earth;2020;5;0.98;-0.0;104.1
Earth;2020;6;0.98;-0.0;105.1
Earth;2020;7;0.98;-0.0;106.1
Earth;2020;8;0.98;-0.0;107.2
Earth;2020;9;0.98;-0.0;108.2
Earth;2020;10;0.98;-0.0;109.2
Earth;2020;11;0.98;-0.0;110.2
Earth;2020;12;0.98;-0.0;111.2
Earth;2020;13;0.98;-0.0;112.3
Earth;2020;14;0.98;-0.0;113.3
Earth;2020;15;0.98;-0.0;114.3
Earth;2020;16;0.98;-0.0;115.3
Earth;2020;17;0.98;-0.0;116.3
Earth;2020;18;0.98;-0.0;117.3
Earth;2020;19;0.98;-0.0;118.4
Earth;2020;20;0.98;-0.0;119.4
Earth;2020;21;0.98;-0.0;120.4
Earth;2020;22;0.98;-0.0;121.4
Earth;2020;23;0.98;-0.0;122.4
Earth;2020;24;0.98;-0.0;123.5
Earth;2020;25;0.98;-0.0;124.5
Earth;2020;26;0.98;-0.0;125.5
Earth;2020;27;0.98;-0.0;126.5
Earth;2020;28;0.98;-0.0;127.5
Earth;2020;29;0.98;-0.0;128.5
Earth;2020;30;0.98;-0.0;129.6
Earth;2020;31;0.98;-0.0;130.6
Earth;2020;32;0.99;-0.0;131.6
Earth;2020;33;0.99;-0.0;132.6
Earth;2020;34;0.99;-0.0;133.6
Earth;2020;35;0.99;-0.0;134.6
Earth;2020;36;0.99;-0.0;135.6
Earth;2020;37;0.99;-0.0;136.7
Earth;2020;38;0.99;-0.0;137.7
Earth;2020;39;0.99;-0.0;138.7
Earth;2020;40;0.99;-0.0;139.7
Earth;2020;41;0.99;-0.0;140.7
Earth;2020;42;0.99;-0.0;141.7
Earth;2020;43;0.99;-0.0;142.7
Earth;2020;44;0.99;-0.0;143.7
Earth;2020;45;0.99;-0.0;144.8
Earth;2020;46;0.99;-0.0;145.8
Earth;2020;47;0.99;-0.0;146.8
Earth;2020;48;0.99;-0.0;147.8
Earth;2020;49;0.99;-0.0;148.8
Earth;2020;50;0.99;-0.0;149.8
Earth;2020;51;0.99;-0.0;150.8
Earth;2020;52;0.99;-0.0;151.8
Earth;2020;53;0.99;-0.0;152.8
Earth;2020;54;0.99;-0.0;153.8
Earth;2020;55;0.99;-0.0;154.8
Earth;2020;56;0.99;-0.0;155.9
Earth;2020;57;0.99;-0.0;156.9
Earth;2020;58;0.99;-0.0;157.9
Earth;2020;59;0.99;-0.0;158.9
Earth;2020;60;0.99;-0.0;159.9
Earth;2020;61;0.99;-0.0;160.9
Earth;2020;62;0.99;-0.0;161.9
Earth;2020;63;0.99;-0.0;162.9
Earth;2020;64;0.99;-0.0;163.9
Earth;2020;65;0.99;-0.0;164.9
Earth;2020;66;0.99;-0.0;165.9
Earth;2020;67;0.99;-0.0;166.9
Earth;2020;68;0.99;-0.0;167.9
Earth;2020;69;0.99;-0.0;168.9
Earth;2020;70;0.99;-0.0;169.9
Earth;2020;71;0.99;-0.0;170.9
Earth;2020;72;0.99;-0.0;171.9
Earth;2020;73;0.99;-0.0;172.9
Earth;2020;74;0.99;-0.0;173.9
Earth;2020;75;0.99;-0.0;174.9
Earth;2020;76;0.99;-0.0;175.9
Earth;2020;77;0.99;0.0;176.9
Earth;2020;78;1.00;0.0;177.9
Earth;2020;79;1.00;0.0;178.9
Earth;2020;80;1.00;0.0;179.9
Earth;2020;81;1.00;0.0;180.8
Earth;2020;82;1.00;0.0;181.8
Earth;2020;83;1.00;0.0;182.8
Earth;2020;84;1.00;0.0;183.8
Earth;2020;85;1.00;0.0;184.8
Earth;2020;86;1.00;0.0;185.8
Earth;2020;87;1.00;0.0;186.8
Earth;2020;88;1.00;0.0;187.8
Earth;2020;89;1.00;0.0;188.8
Earth;2020;90;1.00;0.0;189.8
Earth;2020;91;1.00;0.0;190.7
Earth;2020;92;1.00;0.0;191.7
Earth;2020;93;1.00;0.0;192.7
Earth;2020;94;1.00;0.0;193.7
Earth;2020;95;1.00;0.0;194.7
Earth;2020;96;1.00;0.0;195.7
Earth;2020;97;1.00;0.0;196.7
Earth;2020;98;1.00;0.0;197.6
Earth;2020;99;1.00;0.0;198.6
Earth;2020;100;1.00;0.0;199.6
Earth;2020;101;1.00;0.0;200.6
Earth;2020;102;1.00;0.0;201.6
Earth;2020;103;1.00;0.0;202.5
Earth;2020;104;1.00;0.0;203.5
Earth;2020;105;1.00;0.0;204.5
Earth;2020;106;1.00;0.0;205.5
Earth;2020;107;1.00;0.0;206.5
Earth;2020;108;1.00;0.0;207.4
Earth;2020;109;1.00;0.0;208.4
Earth;2020;110;1.00;0.0;209.4
Earth;2020;111;1.00;0.0;210.4
Earth;2020;112;1.00;0.0;211.4
Earth;2020;113;1.01;0.0;212.3
Earth;2020;114;1.01;0.0;213.3
Earth;2020;115;1.01;0.0;214.3
Earth;2020;116;1.01;0.0;215.3
Earth;2020;117;1.01;0.0;216.2
Earth;2020;118;1.01;0.0;217.2
Earth;2020;119;1.01;0.0;218.2
Earth;2020;120;1.01;0.0;219.1
Earth;2020;121;1.01;0.0;220.1
Earth;2020;122;1.01;0.0;221.1
Earth;2020;123;1.01;0.0;222.1
Earth;2020;124;1.01;0.0;223.0
Earth;2020;125;1.01;0.0;224.0
Earth;2020;126;1.01;0.0;225.0
Earth;2020;127;1.01;0.0;225.9
Earth;2020;128;1.01;0.0;226.9
Earth;2020;129;1.01;0.0;227.9
Earth;2020;130;1.01;0.0;228.8
Earth;2020;131;1.01;0.0;229.8
Earth;2020;132;1.01;0.0;230.8
Earth;2020;133;1.01;0.0;231.7
Earth;2020;134;1.01;0.0;232.7
Earth;2020;135;1.01;0.0;233.7
Earth;2020;136;1.01;0.0;234.6
Earth;2020;137;1.01;0.0;235.6
Earth;2020;138;1.01;0.0;236.6
Earth;2020;139;1.01;0.0;237.5
Earth;2020;140;1.01;0.0;238.5
Earth;2020;141;1.01;0.0;239.4
Earth;2020;142;1.01;0.0;240.4
Earth;2020;143;1.01;0.0;241.4
Earth;2020;144;1.01;0.0;242.3
Earth;2020;145;1.01;0.0;243.3
Earth;2020;146;1.01;0.0;244.3
Earth;2020;147;1.01;0.0;245.2
Earth;2020;148;1.01;0.0;246.2
Earth;2020;149;1.01;0.0;247.1
Earth;2020;150;1.01;0.0;248.1
Earth;2020;151;1.01;0.0;249.1
Earth;2020;152;1.01;0.0;250.0
Earth;2020;153;1.01;0.0;251.0
Earth;2020;154;1.01;0.0;251.9
Earth;2020;155;1.01;0.0;252.9
Earth;2020;156;1.01;0.0;253.8
Earth;2020;157;1.01;0.0;254.8
Earth;2020;158;1.01;0.0;255.8
Earth;2020;159;1.01;0.0;256.7
Earth;2020;160;1.01;0.0;257.7
Earth;2020;161;1.01;0.0;258.6
Earth;2020;162;1.01;0.0;259.6
Earth;2020;163;1.02;0.0;260.5
Earth;2020;164;1.02;0.0;261.5
Earth;2020;165;1.02;0.0;262.5
Earth;2020;166;1.02;0.0;263.4
Earth;2020;167;1.02;0.0;264.4
Earth;2020;168;1.02;0.0;265.3
Earth;2020;169;1.02;0.0;266.3
Earth;2020;170;1.02;0.0;267.2
Earth;2020;171;1.02;0.0;268.2
Earth;2020;172;1.02;0.0;269.1
Earth;2020;173;1.02;0.0;270.1
Earth;2020;174;1.02;0.0;271.1
Earth;2020;175;1.02;0.0;272.0
Earth;2020;176;1.02;0.0;273.0
Earth;2020;177;1.02;0.0;273.9
Earth;2020;178;1.02;0.0;274.9
Earth;2020;179;1.02;0.0;275.8
Earth;2020;180;1.02;0.0;276.8
Earth;2020;181;1.02;0.0;277.7
Earth;2020;182;1.02;0.0;278.7
Earth;2020;183;1.02;0.0;279.6
Earth;2020;184;1.02;0.0;280.6
Earth;2020;185;1.02;0.0;281.5
Earth;2020;186;1.02;0.0;282.5
Earth;2020;187;1.02;0.0;283.5
Earth;2020;188;1.02;0.0;284.4
Earth;2020;189;1.02;0.0;285.4
Earth;2020;190;1.02;0.0;286.3
Earth;2020;191;1.02;0.0;287.3
Earth;2020;192;1.02;0.0;288.2
Earth;2020;193;1.02;0.0;289.2
Earth;2020;194;1.02;0.0;290.1
Earth;2020;195;1.02;0.0;291.1
Earth;2020;196;1.02;0.0;292.0
Earth;2020;197;1.02;0.0;293.0
Earth;2020;198;1.02;0.0;293.9
Earth;2020;199;1.02;0.0;294.9
Earth;2020;200;1.02;0.0;295.8
Earth;2020;201;1.02;0.0;296.8
Earth;2020;202;1.02;0.0;297.8
Earth;2020;203;1.02;0.0;298.7
Earth;2020;204;1.02;0.0;299.7
Earth;2020;205;1.02;0.0;300.6
Earth;2020;206;1.02;0.0;301.6
Earth;2020;207;1.02;0.0;302.5
Earth;2020;208;1.02;0.0;303.5
Earth;2020;209;1.02;0.0;304.4
Earth;2020;210;1.02;0.0;305.4
Earth;2020;211;1.02;0.0;306.4
Earth;2020;212;1.01;0.0;307.3
Earth;2020;213;1.01;0.0;308.3
Earth;2020;214;1.01;0.0;309.2
Earth;2020;215;1.01;0.0;310.2
Earth;2020;216;1.01;0.0;311.1
Earth;2020;217;1.01;0.0;312.1
Earth;2020;218;1.01;0.0;313.1
Earth;2020;219;1.01;0.0;314.0
Earth;2020;220;1.01;0.0;315.0
Earth;2020;221;1.01;0.0;315.9
Earth;2020;222;1.01;0.0;316.9
Earth;2020;223;1.01;0.0;317.8
Earth;2020;224;1.01;0.0;318.8
Earth;2020;225;1.01;0.0;319.8
Earth;2020;226;1.01;0.0;320.7
Earth;2020;227;1.01;0.0;321.7
Earth;2020;228;1.01;0.0;322.6
Earth;2020;229;1.01;0.0;323.6
Earth;2020;230;1.01;0.0;324.6
Earth;2020;231;1.01;0.0;325.5
Earth;2020;232;1.01;0.0;326.5
Earth;2020;233;1.01;0.0;327.5
Earth;2020;234;1.01;0.0;328.4
Earth;2020;235;1.01;0.0;329.4
Earth;2020;236;1.01;0.0;330.3
Earth;2020;237;1.01;0.0;331.3
Earth;2020;238;1.01;0.0;332.3
Earth;2020;239;1.01;0.0;333.2
Earth;2020;240;1.01;0.0;334.2
Earth;2020;241;1.01;0.0;335.2
Earth;2020;242;1.01;0.0;336.1
Earth;2020;243;1.01;0.0;337.1
Earth;2020;244;1.01;0.0;338.1
Earth;2020;245;1.01;0.0;339.0
Earth;2020;246;1.01;0.0;340.0
Earth;2020;247;1.01;0.0;341.0
Earth;2020;248;1.01;0.0;341.9
Earth;2020;249;1.01;0.0;342.9
Earth;2020;250;1.01;0.0;343.9
Earth;2020;251;1.01;0.0;344.8
Earth;2020;252;1.01;0.0;345.8
Earth;2020;253;1.01;0.0;346.8
Earth;2020;254;1.01;0.0;347.8
Earth;2020;255;1.01;0.0;348.7
Earth;2020;256;1.01;0.0;349.7
Earth;2020;257;1.01;0.0;350.7
Earth;2020;258;1.01;0.0;351.6
Earth;2020;259;1.01;0.0;352.6
Earth;2020;260;1.01;0.0;353.6
Earth;2020;261;1.01;0.0;354.6
Earth;2020;262;1.00;-0.0;355.5
Earth;2020;263;1.00;-0.0;356.5
Earth;2020;264;1.00;-0.0;357.5
Earth;2020;265;1.00;-0.0;358.5
Earth;2020;266;1.00;-0.0;359.5
Earth;2020;267;1.00;-0.0;0.4
Earth;2020;268;1.00;-0.0;1.4
Earth;2020;269;1.00;-0.0;2.4
Earth;2020;270;1.00;-0.0;3.4
Earth;2020;271;1.00;-0.0;4.3
Earth;2020;272;1.00;-0.0;5.3
Earth;2020;273;1.00;-0.0;6.3
Earth;2020;274;1.00;-0.0;7.3
Earth;2020;275;1.00;-0.0;8.3
Earth;2020;276;1.00;-0.0;9.3
Earth;2020;277;1.00;-0.0;10.2
Earth;2020;278;1.00;-0.0;11.2
Earth;2020;279;1.00;-0.0;12.2
Earth;2020;280;1.00;-0.0;13.2
Earth;2020;281;1.00;-0.0;14.2
Earth;2020;282;1.00;-0.0;15.2
Earth;2020;283;1.00;-0.0;16.2
Earth;2020;284;1.00;-0.0;17.1
Earth;2020;285;1.00;-0.0;18.1
Earth;2020;286;1.00;-0.0;19.1
Earth;2020;287;1.00;-0.0;20.1
Earth;2020;288;1.00;-0.0;21.1
Earth;2020;289;1.00;-0.0;22.1
Earth;2020;290;1.00;-0.0;23.1
Earth;2020;291;1.00;-0.0;24.1
Earth;2020;292;1.00;-0.0;25.1
Earth;2020;293;1.00;-0.0;26.1
Earth;2020;294;1.00;-0.0;27.1
Earth;2020;295;1.00;-0.0;28.0
Earth;2020;296;1.00;-0.0;29.0
Earth;2020;297;0.99;-0.0;30.0
Earth;2020;298;0.99;-0.0;31.0
Earth;2020;299;0.99;-0.0;32.0
Earth;2020;300;0.99;-0.0;33.0
Earth;2020;301;0.99;-0.0;34.0
Earth;2020;302;0.99;-0.0;35.0
Earth;2020;303;0.99;-0.0;36.0
Earth;2020;304;0.99;-0.0;37.0
Earth;2020;305;0.99;-0.0;38.0
Earth;2020;306;0.99;-0.0;39.0
Earth;2020;307;0.99;-0.0;40.0
Earth;2020;308;0.99;-0.0;41.0
Earth;2020;309;0.99;-0.0;42.0
Earth;2020;310;0.99;-0.0;43.0
Earth;2020;311;0.99;-0.0;44.0
Earth;2020;312;0.99;-0.0;45.0
Earth;2020;313;0.99;-0.0;46.0
Earth;2020;314;0.99;-0.0;47.0
Earth;2020;315;0.99;-0.0;48.0
Earth;2020;316;0.99;-0.0;49.0
Earth;2020;317;0.99;-0.0;50.0
Earth;2020;318;0.99;-0.0;51.1
Earth;2020;319;0.99;-0.0;52.1
Earth;2020;320;0.99;-0.0;53.1
Earth;2020;321;0.99;-0.0;54.1
Earth;2020;322;0.99;-0.0;55.1
Earth;2020;323;0.99;-0.0;56.1
Earth;2020;324;0.99;-0.0;57.1
Earth;2020;325;0.99;-0.0;58.1
Earth;2020;326;0.99;-0.0;59.1
Earth;2020;327;0.99;-0.0;60.1
Earth;2020;328;0.99;-0.0;61.1
Earth;2020;329;0.99;-0.0;62.2
Earth;2020;330;0.99;-0.0;63.2
Earth;2020;331;0.99;-0.0;64.2
Earth;2020;332;0.99;-0.0;65.2
Earth;2020;333;0.99;-0.0;66.2
Earth;2020;334;0.99;-0.0;67.2
Earth;2020;335;0.99;-0.0;68.2
Earth;2020;336;0.99;-0.0;69.2
Earth;2020;337;0.99;-0.0;70.3
Earth;2020;338;0.99;-0.0;71.3
Earth;2020;339;0.99;-0.0;72.3
Earth;2020;340;0.99;-0.0;73.3
Earth;2020;341;0.99;-0.0;74.3
Earth;2020;342;0.98;-0.0;75.3
Earth;2020;343;0.98;-0.0;76.3
Earth;2020;344;0.98;-0.0;77.4
Earth;2020;345;0.98;-0.0;78.4
Earth;2020;346;0.98;-0.0;79.4
Earth;2020;347;0.98;-0.0;80.4
Earth;2020;348;0.98;-0.0;81.4
Earth;2020;349;0.98;-0.0;82.4
Earth;2020;350;0.98;-0.0;83.5
Earth;2020;351;0.98;-0.0;84.5
Earth;2020;352;0.98;-0.0;85.5
Earth;2020;353;0.98;-0.0;86.5
Earth;2020;354;0.98;-0.0;87.5
Earth;2020;355;0.98;-0.0;88.6
Earth;2020;356;0.98;-0.0;89.6
Earth;2020;357;0.98;-0.0;90.6
Earth;2020;358;0.98;-0.0;91.6
Earth;2020;359;0.98;-0.0;92.6
Earth;2020;360;0.98;-0.0;93.6
Earth;2020;361;0.98;-0.0;94.7
Earth;2020;362;0.98;-0.0;95.7
Earth;2020;363;0.98;-0.0;96.7
Earth;2020;364;0.98;-0.0;97.7
Earth;2020;365;0.98;-0.0;98.7
Earth;2020;366;0.98;-0.0;99.8
Mars;2020;1;1.59;0.5;214.1
Mars;2020;2;1.59;0.5;214.6
Mars;2020;3;1.59;0.5;215.1
Mars;2020;4;1.59;0.5;215.6
Mars;2020;5;1.59;0.4;216.1
Mars;2020;6;1.58;0.4;216.5
Mars;2020;7;1.58;0.4;217.0
Mars;2020;8;1.58;0.4;217.5
Mars;2020;9;1.58;0.4;218.0
Mars;2020;10;1.58;0.4;218.5
Mars;2020;11;1.58;0.4;219.0
Mars;2020;12;1.58;0.3;219.4
Mars;2020;13;1.58;0.3;219.9
Mars;2020;14;1.57;0.3;220.4
Mars;2020;15;1.57;0.3;220.9
Mars;2020;16;1.57;0.3;221.4
Mars;2020;17;1.57;0.3;221.9
Mars;2020;18;1.57;0.2;222.4
Mars;2020;19;1.57;0.2;222.9
Mars;2020;20;1.57;0.2;223.4
Mars;2020;21;1.57;0.2;223.9
Mars;2020;22;1.57;0.2;224.3
Mars;2020;23;1.56;0.2;224.8
Mars;2020;24;1.56;0.1;225.3
Mars;2020;25;1.56;0.1;225.8
Mars;2020;26;1.56;0.1;226.3
Mars;2020;27;1.56;0.1;226.8
Mars;2020;28;1.56;0.1;227.3
Mars;2020;29;1.56;0.1;227.8
Mars;2020;30;1.56;0.1;228.3
Mars;2020;31;1.55;0.0;228.8
Mars;2020;32;1.55;0.0;229.3
Mars;2020;33;1.55;0.0;229.8
Mars;2020;34;1.55;-0.0;230.3
Mars;2020;35;1.55;-0.0;230.8
Mars;2020;36;1.55;-0.0;231.3
Mars;2020;37;1.55;-0.1;231.8
Mars;2020;38;1.55;-0.1;232.4
Mars;2020;39;1.54;-0.1;232.9
Mars;2020;40;1.54;-0.1;233.4
Mars;2020;41;1.54;-0.1;233.9
Mars;2020;42;1.54;-0.1;234.4
Mars;2020;43;1.54;-0.2;234.9
Mars;2020;44;1.54;-0.2;235.4
Mars;2020;45;1.54;-0.2;235.9
Mars;2020;46;1.53;-0.2;236.4
Mars;2020;47;1.53;-0.2;236.9
Mars;2020;48;1.53;-0.2;237.5
Mars;2020;49;1.53;-0.3;238.0
Mars;2020;50;1.53;-0.3;238.5
Mars;2020;51;1.53;-0.3;239.0
Mars;2020;52;1.53;-0.3;239.5
Mars;2020;53;1.53;-0.3;240.1
Mars;2020;54;1.52;-0.3;240.6
Mars;2020;55;1.52;-0.4;241.1
Mars;2020;56;1.52;-0.4;241.6
Mars;2020;57;1.52;-0.4;242.1
Mars;2020;58;1.52;-0.4;242.7
Mars;2020;59;1.52;-0.4;243.2
Mars;2020;60;1.52;-0.4;243.7
Mars;2020;61;1.52;-0.5;244.2
Mars;2020;62;1.51;-0.5;244.8
Mars;2020;63;1.51;-0.5;245.3
Mars;2020;64;1.51;-0.5;245.8
Mars;2020;65;1.51;-0.5;246.4
Mars;2020;66;1.51;-0.5;246.9
Mars;2020;67;1.51;-0.6;247.4
Mars;2020;68;1.51;-0.6;248.0
Mars;2020;69;1.50;-0.6;248.5
Mars;2020;70;1.50;-0.6;249.0
Mars;2020;71;1.50;-0.6;249.6
Mars;2020;72;1.50;-0.6;250.1
Mars;2020;73;1.50;-0.7;250.6
Mars;2020;74;1.50;-0.7;251.2
Mars;2020;75;1.50;-0.7;251.7
Mars;2020;76;1.50;-0.7;252.3
Mars;2020;77;1.49;-0.7;252.8
Mars;2020;78;1.49;-0.7;253.3
Mars;2020;79;1.49;-0.7;253.9
Mars;2020;80;1.49;-0.8;254.4
Mars;2020;81;1.49;-0.8;255.0
Mars;2020;82;1.49;-0.8;255.5
Mars;2020;83;1.49;-0.8;256.1
Mars;2020;84;1.49;-0.8;256.6
Mars;2020;85;1.48;-0.8;257.2
Mars;2020;86;1.48;-0.9;257.7
Mars;2020;87;1.48;-0.9;258.3
Mars;2020;88;1.48;-0.9;258.8
Mars;2020;89;1.48;-0.9;259.4
Mars;2020;90;1.48;-0.9;259.9
Mars;2020;91;1.48;-0.9;260.5
Mars;2020;92;1.48;-1.0;261.0
Mars;2020;93;1.47;-1.0;261.6
Mars;2020;94;1.47;-1.0;262.1
Mars;2020;95;1.47;-1.0;262.7
Mars;2020;96;1.47;-1.0;263.3
Mars;2020;97;1.47;-1.0;263.8
Mars;2020;98;1.47;-1.0;264.4
Mars;2020;99;1.47;-1.1;264.9
Mars;2020;100;1.47;-1.1;265.5
Mars;2020;101;1.46;-1.1;266.1
Mars;2020;102;1.46;-1.1;266.6
Mars;2020;103;1.46;-1.1;267.2
Mars;2020;104;1.46;-1.1;267.8
Mars;2020;105;1.46;-1.1;268.3
Mars;2020;106;1.46;-1.2;268.9
Mars;2020;107;1.46;-1.2;269.5
Mars;2020;108;1.46;-1.2;270.1
Mars;2020;109;1.45;-1.2;270.6
Mars;2020;110;1.45;-1.2;271.2
Mars;2020;111;1.45;-1.2;271.8
Mars;2020;112;1.45;-1.2;272.3
Mars;2020;113;1.45;-1.3;272.9
Mars;2020;114;1.45;-1.3;273.5
Mars;2020;115;1.45;-1.3;274.1
Mars;2020;116;1.45;-1.3;274.7
Mars;2020;117;1.44;-1.3;275.2
Mars;2020;118;1.44;-1.3;275.8
Mars;2020;119;1.44;-1.3;276.4
Mars;2020;120;1.44;-1.4;277.0
Mars;2020;121;1.44;-1.4;277.6
Mars;2020;122;1.44;-1.4;278.1
Mars;2020;123;1.44;-1.4;278.7
Mars;2020;124;1.44;-1.4;279.3
Mars;2020;125;1.44;-1.4;279.9
Mars;2020;126;1.43;-1.4;280.5
Mars;2020;127;1.43;-1.4;281.1
Mars;2020;128;1.43;-1.4;281.7
Mars;2020;129;1.43;-1.5;282.3
Mars;2020;130;1.43;-1.5;282.9
Mars;2020;131;1.43;-1.5;283.4
Mars;2020;132;1.43;-1.5;284.0
Mars;2020;133;1.43;-1.5;284.6
Mars;2020;134;1.43;-1.5;285.2
Mars;2020;135;1.43;-1.5;285.8
Mars;2020;136;1.42;-1.5;286.4
Mars;2020;137;1.42;-1.5;287.0
Mars;2020;138;1.42;-1.6;287.6
Mars;2020;139;1.42;-1.6;288.2
Mars;2020;140;1.42;-1.6;288.8
Mars;2020;141;1.42;-1.6;289.4
Mars;2020;142;1.42;-1.6;290.0
Mars;2020;143;1.42;-1.6;290.6
Mars;2020;144;1.42;-1.6;291.2
Mars;2020;145;1.42;-1.6;291.8
Mars;2020;146;1.41;-1.6;292.4
Mars;2020;147;1.41;-1.6;293.0
Mars;2020;148;1.41;-1.7;293.6
Mars;2020;149;1.41;-1.7;294.3
Mars;2020;150;1.41;-1.7;294.9
Mars;2020;151;1.41;-1.7;295.5
Mars;2020;152;1.41;-1.7;296.1
Mars;2020;153;1.41;-1.7;296.7
Mars;2020;154;1.41;-1.7;297.3
Mars;2020;155;1.41;-1.7;297.9
Mars;2020;156;1.41;-1.7;298.5
Mars;2020;157;1.41;-1.7;299.1
Mars;2020;158;1.40;-1.7;299.7
Mars;2020;159;1.40;-1.7;300.4
Mars;2020;160;1.40;-1.7;301.0
Mars;2020;161;1.40;-1.8;301.6
Mars;2020;162;1.40;-1.8;302.2
Mars;2020;163;1.40;-1.8;302.8
Mars;2020;164;1.40;-1.8;303.4
Mars;2020;165;1.40;-1.8;304.1
Mars;2020;166;1.40;-1.8;304.7
Mars;2020;167;1.40;-1.8;305.3
Mars;2020;168;1.40;-1.8;305.9
Mars;2020;169;1.40;-1.8;306.5
Mars;2020;170;1.40;-1.8;307.2
Mars;2020;171;1.40;-1.8;307.8
Mars;2020;172;1.40;-1.8;308.4
Mars;2020;173;1.39;-1.8;309.0
Mars;2020;174;1.39;-1.8;309.7
Mars;2020;175;1.39;-1.8;310.3
Mars;2020;176;1.39;-1.8;310.9
Mars;2020;177;1.39;-1.8;311.5
Mars;2020;178;1.39;-1.8;312.1
Mars;2020;179;1.39;-1.8;312.8
Mars;2020;180;1.39;-1.8;313.4
Mars;2020;181;1.39;-1.8;314.0
Mars;2020;182;1.39;-1.8;314.7
Mars;2020;183;1.39;-1.8;315.3
Mars;2020;184;1.39;-1.8;315.9
Mars;2020;185;1.39;-1.8;316.5
Mars;2020;186;1.39;-1.8;317.2
Mars;2020;187;1.39;-1.8;317.8
Mars;2020;188;1.39;-1.8;318.4
Mars;2020;189;1.39;-1.8;319.1
Mars;2020;190;1.39;-1.8;319.7
Mars;2020;191;1.39;-1.8;320.3
Mars;2020;192;1.39;-1.8;320.9
Mars;2020;193;1.39;-1.8;321.6
Mars;2020;194;1.38;-1.8;322.2
Mars;2020;195;1.38;-1.8;322.8
Mars;2020;196;1.38;-1.8;323.5
Mars;2020;197;1.38;-1.8;324.1
Mars;2020;198;1.38;-1.8;324.7
Mars;2020;199;1.38;-1.8;325.4
Mars;2020;200;1.38;-1.8;326.0
Mars;2020;201;1.38;-1.8;326.6
Mars;2020;202;1.38;-1.8;327.3
Mars;2020;203;1.38;-1.8;327.9
Mars;2020;204;1.38;-1.8;328.5
Mars;2020;205;1.38;-1.8;329.2
Mars;2020;206;1.38;-1.8;329.8
Mars;2020;207;1.38;-1.8;330.4
Mars;2020;208;1.38;-1.8;331.1
Mars;2020;209;1.38;-1.8;331.7
Mars;2020;210;1.38;-1.8;332.3
Mars;2020;211;1.38;-1.8;333.0
Mars;2020;212;1.38;-1.8;333.6
Mars;2020;213;1.38;-1.8;334.3
Mars;2020;214;1.38;-1.8;334.9
Mars;2020;215;1.38;-1.8;335.5
Mars;2020;216;1.38;-1.8;336.2
Mars;2020;217;1.38;-1.8;336.8
Mars;2020;218;1.38;-1.8;337.4
Mars;2020;219;1.38;-1.8;338.1
Mars;2020;220;1.38;-1.7;338.7
Mars;2020;221;1.38;-1.7;339.3
Mars;2020;222;1.38;-1.7;340.0
Mars;2020;223;1.38;-1.7;340.6
Mars;2020;224;1.38;-1.7;341.2
Mars;2020;225;1.38;-1.7;341.9
Mars;2020;226;1.38;-1.7;342.5
Mars;2020;227;1.38;-1.7;343.1
Mars;2020;228;1.38;-1.7;343.8
Mars;2020;229;1.38;-1.7;344.4
Mars;2020;230;1.38;-1.7;345.0
Mars;2020;231;1.38;-1.7;345.7
Mars;2020;232;1.38;-1.7;346.3
Mars;2020;233;1.38;-1.6;346.9
Mars;2020;234;1.38;-1.6;347.6
Mars;2020;235;1.38;-1.6;348.2
Mars;2020;236;1.38;-1.6;348.8
Mars;2020;237;1.38;-1.6;349.5
Mars;2020;238;1.38;-1.6;350.1
Mars;2020;239;1.38;-1.6;350.7
Mars;2020;240;1.39;-1.6;351.4
Mars;2020;241;1.39;-1.6;352.0
Mars;2020;242;1.39;-1.6;352.6
Mars;2020;243;1.39;-1.5;353.3
Mars;2020;244;1.39;-1.5;353.9
Mars;2020;245;1.39;-1.5;354.5
Mars;2020;246;1.39;-1.5;355.1
Mars;2020;247;1.39;-1.5;355.8
Mars;2020;248;1.39;-1.5;356.4
Mars;2020;249;1.39;-1.5;357.0
Mars;2020;250;1.39;-1.5;357.7
Mars;2020;251;1.39;-1.4;358.3
Mars;2020;252;1.39;-1.4;358.9
Mars;2020;253;1.39;-1.4;359.5
Mars;2020;254;1.39;-1.4;0.2
Mars;2020;255;1.39;-1.4;0.8
Mars;2020;256;1.39;-1.4;1.4
Mars;2020;257;1.39;-1.4;2.0
Mars;2020;258;1.39;-1.4;2.7
Mars;2020;259;1.39;-1.3;3.3
Mars;2020;260;1.39;-1.3;3.9
Mars;2020;261;1.40;-1.3;4.5
Mars;2020;262;1.40;-1.3;5.2
Mars;2020;263;1.40;-1.3;5.8
Mars;2020;264;1.40;-1.3;6.4
Mars;2020;265;1.40;-1.3;7.0
Mars;2020;266;1.40;-1.2;7.6
Mars;2020;267;1.40;-1.2;8.3
Mars;2020;268;1.40;-1.2;8.9
Mars;2020;269;1.40;-1.2;9.5
Mars;2020;270;1.40;-1.2;10.1
Mars;2020;271;1.40;-1.2;10.7
Mars;2020;272;1.40;-1.2;11.3
Mars;2020;273;1.40;-1.1;11.9
Mars;2020;274;1.40;-1.1;12.6
Mars;2020;275;1.41;-1.1;13.2
Mars;2020;276;1.41;-1.1;13.8
Mars;2020;277;1.41;-1.1;14.4
Mars;2020;278;1.41;-1.1;15.0
Mars;2020;279;1.41;-1.0;15.6
Mars;2020;280;1.41;-1.0;16.2
Mars;2020;281;1.41;-1.0;16.8
Mars;2020;282;1.41;-1.0;17.5
Mars;2020;283;1.41;-1.0;18.1
Mars;2020;284;1.41;-1.0;18.7
Mars;2020;285;1.41;-0.9;19.3
Mars;2020;286;1.41;-0.9;19.9
Mars;2020;287;1.42;-0.9;20.5
Mars;2020;288;1.42;-0.9;21.1
Mars;2020;289;1.42;-0.9;21.7
Mars;2020;290;1.42;-0.9;22.3
Mars;2020;291;1.42;-0.8;22.9
Mars;2020;292;1.42;-0.8;23.5
Mars;2020;293;1.42;-0.8;24.1
Mars;2020;294;1.42;-0.8;24.7
Mars;2020;295;1.42;-0.8;25.3
Mars;2020;296;1.42;-0.8;25.9
Mars;2020;297;1.42;-0.7;26.5
Mars;2020;298;1.43;-0.7;27.1
Mars;2020;299;1.43;-0.7;27.7
Mars;2020;300;1.43;-0.7;28.3
Mars;2020;301;1.43;-0.7;28.9
Mars;2020;302;1.43;-0.6;29.5
Mars;2020;303;1.43;-0.6;30.0
Mars;2020;304;1.43;-0.6;30.6
Mars;2020;305;1.43;-0.6;31.2
Mars;2020;306;1.43;-0.6;31.8
Mars;2020;307;1.44;-0.6;32.4
Mars;2020;308;1.44;-0.5;33.0
Mars;2020;309;1.44;-0.5;33.6
Mars;2020;310;1.44;-0.5;34.2
Mars;2020;311;1.44;-0.5;34.7
Mars;2020;312;1.44;-0.5;35.3
Mars;2020;313;1.44;-0.4;35.9
Mars;2020;314;1.44;-0.4;36.5
Mars;2020;315;1.44;-0.4;37.1
Mars;2020;316;1.45;-0.4;37.7
Mars;2020;317;1.45;-0.4;38.2
Mars;2020;318;1.45;-0.4;38.8
Mars;2020;319;1.45;-0.3;39.4
Mars;2020;320;1.45;-0.3;40.0
Mars;2020;321;1.45;-0.3;40.5
Mars;2020;322;1.45;-0.3;41.1
Mars;2020;323;1.45;-0.3;41.7
Mars;2020;324;1.45;-0.2;42.3
Mars;2020;325;1.46;-0.2;42.8
Mars;2020;326;1.46;-0.2;43.4
Mars;2020;327;1.46;-0.2;44.0
Mars;2020;328;1.46;-0.2;44.5
Mars;2020;329;1.46;-0.2;45.1
Mars;2020;330;1.46;-0.1;45.7
Mars;2020;331;1.46;-0.1;46.2
Mars;2020;332;1.46;-0.1;46.8
Mars;2020;333;1.47;-0.1;47.4
Mars;2020;334;1.47;-0.1;47.9
Mars;2020;335;1.47;-0.0;48.5
Mars;2020;336;1.47;-0.0;49.1
Mars;2020;337;1.47;-0.0;49.6
Mars;2020;338;1.47;0.0;50.2
Mars;2020;339;1.47;0.0;50.7
Mars;2020;340;1.47;0.0;51.3
Mars;2020;341;1.48;0.1;51.8
Mars;2020;342;1.48;0.1;52.4
Mars;2020;343;1.48;0.1;53.0
Mars;2020;344;1.48;0.1;53.5
Mars;2020;345;1.48;0.1;54.1
Mars;2020;346;1.48;0.2;54.6
Mars;2020;347;1.48;0.2;55.2
Mars;2020;348;1.48;0.2;55.7
Mars;2020;349;1.49;0.2;56.3
Mars;2020;350;1.49;0.2;56.8
Mars;2020;351;1.49;0.2;57.4
Mars;2020;352;1.49;0.3;57.9
Mars;2020;353;1.49;0.3;58.5
Mars;2020;354;1.49;0.3;59.0
Mars;2020;355;1.49;0.3;59.5
Mars;2020;356;1.49;0.3;60.1
Mars;2020;357;1.50;0.3;60.6
Mars;2020;358;1.50;0.4;61.2
Mars;2020;359;1.50;0.4;61.7
Mars;2020;360;1.50;0.4;62.2
Mars;2020;361;1.50;0.4;62.8
Mars;2020;362;1.50;0.4;63.3
Mars;2020;363;1.50;0.4;63.9
Mars;2020;364;1.51;0.5;64.4
Mars;2020;365;1.51;0.5;64.9
Mars;2020;366;1.51;0.5;65.5
Jupiter;2020;1;5.23;0.1;276.1
Jupiter;2020;2;5.23;0.1;276.1
Jupiter;2020;3;5.23;0.1;276.2
Jupiter;2020;4;5.22;0.1;276.3
Jupiter;2020;5;5.22;0.1;276.4
Jupiter;2020;6;5.22;0.1;276.5
Jupiter;2020;7;5.22;0.1;276.6
Jupiter;2020;8;5.22;0.1;276.6
Jupiter;2020;9;5.22;0.1;276.7
Jupiter;2020;10;5.22;0.1;276.8
Jupiter;2020;11;5.22;0.1;276.9
Jupiter;2020;12;5.22;0.1;277.0
Jupiter;2020;13;5.22;0.1;277.0
Jupiter;2020;14;5.22;0.1;277.1
Jupiter;2020;15;5.22;0.1;277.2
Jupiter;2020;16;5.22;0.1;277.3
Jupiter;2020;17;5.22;0.1;277.4
Jupiter;2020;18;5.22;0.1;277.5
Jupiter;2020;19;5.22;0.1;277.5
Jupiter;2020;20;5.22;0.1;277.6
Jupiter;2020;21;5.22;0.1;277.7
Jupiter;2020;22;5.22;0.1;277.8
Jupiter;2020;23;5.22;0.1;277.9
Jupiter;2020;24;5.22;0.1;278.0
Jupiter;2020;25;5.22;0.1;278.0
Jupiter;2020;26;5.22;0.1;278.1
Jupiter;2020;27;5.22;0.1;278.2
Jupiter;2020;28;5.22;0.1;278.3
Jupiter;2020;29;5.22;0.1;278.4
Jupiter;2020;30;5.22;0.1;278.4
Jupiter;2020;31;5.22;0.1;278.5
Jupiter;2020;32;5.21;0.1;278.6
Jupiter;2020;33;5.21;0.1;278.7
Jupiter;2020;34;5.21;0.1;278.8
Jupiter;2020;35;5.21;0.1;278.9
Jupiter;2020;36;5.21;0.0;278.9
Jupiter;2020;37;5.21;0.0;279.0
Jupiter;2020;38;5.21;0.0;279.1
Jupiter;2020;39;5.21;0.0;279.2
Jupiter;2020;40;5.21;0.0;279.3
Jupiter;2020;41;5.21;0.0;279.4
Jupiter;2020;42;5.21;0.0;279.4
Jupiter;2020;43;5.21;0.0;279.5
Jupiter;2020;44;5.21;0.0;279.6
Jupiter;2020;45;5.21;0.0;279.7
Jupiter;2020;46;5.21;0.0;279.8
Jupiter;2020;47;5.21;0.0;279.9
Jupiter;2020;48;5.21;0.0;279.9
Jupiter;2020;49;5.21;0.0;280.0
Jupiter;2020;50;5.21;0.0;280.1
Jupiter;2020;51;5.21;0.0;280.2
Jupiter;2020;52;5.21;0.0;280.3
Jupiter;2020;53;5.21;0.0;280.4
Jupiter;2020;54;5.21;0.0;280.4
Jupiter;2020;55;5.21;0.0;280.5
Jupiter;2020;56;5.21;0.0;280.6
Jupiter;2020;57;5.21;0.0;280.7
Jupiter;2020;58;5.21;0.0;280.8
Jupiter;2020;59;5.20;0.0;280.8
Jupiter;2020;60;5.20;0.0;280.9
Jupiter;2020;61;5.20;0.0;281.0
Jupiter;2020;62;5.20;-0.0;281.1
Jupiter;2020;63;5.20;-0.0;281.2
Jupiter;2020;64;5.20;-0.0;281.3
Jupiter;2020;65;5.20;-0.0;281.3
Jupiter;2020;66;5.20;-0.0;281.4
Jupiter;2020;67;5.20;-0.0;281.5
Jupiter;2020;68;5.20;-0.0;281.6
Jupiter;2020;69;5.20;-0.0;281.7
Jupiter;2020;70;5.20;-0.0;281.8
Jupiter;2020;71;5.20;-0.0;281.8
Jupiter;2020;72;5.20;-0.0;281.9
Jupiter;2020;73;5.20;-0.0;282.0
Jupiter;2020;74;5.20;-0.0;282.1
Jupiter;2020;75;5.20;-0.0;282.2
Jupiter;2020;76;5.20;-0.0;282.3
Jupiter;2020;77;5.20;-0.0;282.3
Jupiter;2020;78;5.20;-0.0;282.4
Jupiter;2020;79;5.20;-0.0;282.5
Jupiter;2020;80;5.20;-0.0;282.6
Jupiter;2020;81;5.20;-0.0;282.7
Jupiter;2020;82;5.20;-0.0;282.8
Jupiter;2020;83;5.20;-0.0;282.8
Jupiter;2020;84;5.20;-0.0;282.9
Jupiter;2020;85;5.20;-0.0;283.0
Jupiter;2020;86;5.19;-0.0;283.1
Jupiter;2020;87;5.19;-0.0;283.2
Jupiter;2020;88;5.19;-0.0;283.3
Jupiter;2020;89;5.19;-0.1;283.3
Jupiter;2020;90;5.19;-0.1;283.4
Jupiter;2020;91;5.19;-0.1;283.5
Jupiter;2020;92;5.19;-0.1;283.6
Jupiter;2020;93;5.19;-0.1;283.7
Jupiter;2020;94;5.19;-0.1;283.8
Jupiter;2020;95;5.19;-0.1;283.8
Jupiter;2020;96;5.19;-0.1;283.9
Jupiter;2020;97;5.19;-0.1;284.0
Jupiter;2020;98;5.19;-0.1;284.1
Jupiter;2020;99;5.19;-0.1;284.2
Jupiter;2020;100;5.19;-0.1;284.3
Jupiter;2020;101;5.19;-0.1;284.3
Jupiter;2020;102;5.19;-0.1;284.4
Jupiter;2020;103;5.19;-0.1;284.5
Jupiter;2020;104;5.19;-0.1;284.6
Jupiter;2020;105;5.19;-0.1;284.7
Jupiter;2020;106;5.19;-0.1;284.8
Jupiter;2020;107;5.19;-0.1;284.8
Jupiter;2020;108;5.19;-0.1;284.9
Jupiter;2020;109;5.19;-0.1;285.0
Jupiter;2020;110;5.19;-0.1;285.1
Jupiter;2020;111;5.19;-0.1;285.2
Jupiter;2020;112;5.19;-0.1;285.3
Jupiter;2020;113;5.18;-0.1;285.3
Jupiter;2020;114;5.18;-0.1;285.4
Jupiter;2020;115;5.18;-0.1;285.5
Jupiter;2020;116;5.18;-0.1;285.6
Jupiter;2020;117;5.18;-0.1;285.7
Jupiter;2020;118;5.18;-0.1;285.8
Jupiter;2020;119;5.18;-0.1;285.8
Jupiter;2020;120;5.18;-0.1;285.9
Jupiter;2020;121;5.18;-0.1;286.0
Jupiter;2020;122;5.18;-0.1;286.1
Jupiter;2020;123;5.18;-0.1;286.2
Jupiter;2020;124;5.18;-0.1;286.3
Jupiter;2020;125;5.18;-0.1;286.3
Jupiter;2020;126;5.18;-0.1;286.4
Jupiter;2020;127;5.18;-0.1;286.5
Jupiter;2020;128;5.18;-0.1;286.6
Jupiter;2020;129;5.18;-0.1;286.7
Jupiter;2020;130;5.18;-0.1;286.8
Jupiter;2020;131;5.18;-0.1;286.8
Jupiter;2020;132;5.18;-0.1;286.9
Jupiter;2020;133;5.18;-0.1;287.0
Jupiter;2020;134;5.18;-0.1;287.1
Jupiter;2020;135;5.18;-0.1;287.2
Jupiter;2020;136;5.18;-0.1;287.3
Jupiter;2020;137;5.18;-0.1;287.3
Jupiter;2020;138;5.18;-0.1;287.4
Jupiter;2020;139;5.18;-0.1;287.5
Jupiter;2020;140;5.18;-0.1;287.6
Jupiter;2020;141;5.17;-0.2;287.7
Jupiter;2020;142;5.17;-0.2;287.8
Jupiter;2020;143;5.17;-0.2;287.9
Jupiter;2020;144;5.17;-0.2;287.9
Jupiter;2020;145;5.17;-0.2;288.0
Jupiter;2020;146;5.17;-0.2;288.1
Jupiter;2020;147;5.17;-0.2;288.2
Jupiter;2020;148;5.17;-0.2;288.3
Jupiter;2020;149;5.17;-0.2;288.4
Jupiter;2020;150;5.17;-0.2;288.4
Jupiter;2020;151;5.17;-0.2;288.5
Jupiter;2020;152;5.17;-0.2;288.6
Jupiter;2020;153;5.17;-0.2;288.7
Jupiter;2020;154;5.17;-0.2;288.8
Jupiter;2020;155;5.17;-0.2;288.9
Jupiter;2020;156;5.17;-0.2;288.9
Jupiter;2020;157;5.17;-0.2;289.0
Jupiter;2020;158;5.17;-0.2;289.1
Jupiter;2020;159;5.17;-0.2;289.2
Jupiter;2020;160;5.17;-0.2;289.3
Jupiter;2020;161;5.17;-0.2;289.4
Jupiter;2020;162;5.17;-0.2;289.4
Jupiter;2020;163;5.17;-0.2;289.5
Jupiter;2020;164;5.17;-0.2;289.6
Jupiter;2020;165;5.17;-0.2;289.7
Jupiter;2020;166;5.17;-0.2;289.8
Jupiter;2020;167;5.17;-0.2;289.9
Jupiter;2020;168;5.16;-0.2;290.0
Jupiter;2020;169;5.16;-0.2;290.0
Jupiter;2020;170;5.16;-0.2;290.1
Jupiter;2020;171;5.16;-0.2;290.2
Jupiter;2020;172;5.16;-0.2;290.3
Jupiter;2020;173;5.16;-0.2;290.4
Jupiter;2020;174;5.16;-0.2;290.5
Jupiter;2020;175;5.16;-0.2;290.5
Jupiter;2020;176;5.16;-0.2;290.6
Jupiter;2020;177;5.16;-0.2;290.7
Jupiter;2020;178;5.16;-0.2;290.8
Jupiter;2020;179;5.16;-0.2;290.9
Jupiter;2020;180;5.16;-0.2;291.0
Jupiter;2020;181;5.16;-0.2;291.0
Jupiter;2020;182;5.16;-0.2;291.1
Jupiter;2020;183;5.16;-0.2;291.2
Jupiter;2020;184;5.16;-0.2;291.3
Jupiter;2020;185;5.16;-0.2;291.4
Jupiter;2020;186;5.16;-0.2;291.5
Jupiter;2020;187;5.16;-0.2;291.6
Jupiter;2020;188;5.16;-0.2;291.6
Jupiter;2020;189;5.16;-0.2;291.7
Jupiter;2020;190;5.16;-0.2;291.8
Jupiter;2020;191;5.16;-0.2;291.9
Jupiter;2020;192;5.16;-0.2;292.0
Jupiter;2020;193;5.16;-0.2;292.1
Jupiter;2020;194;5.16;-0.3;292.1
Jupiter;2020;195;5.16;-0.3;292.2
Jupiter;2020;196;5.15;-0.3;292.3
Jupiter;2020;197;5.15;-0.3;292.4
Jupiter;2020;198;5.15;-0.3;292.5
Jupiter;2020;199;5.15;-0.3;292.6
Jupiter;2020;200;5.15;-0.3;292.7
Jupiter;2020;201;5.15;-0.3;292.7
Jupiter;2020;202;5.15;-0.3;292.8
Jupiter;2020;203;5.15;-0.3;292.9
Jupiter;2020;204;5.15;-0.3;293.0
Jupiter;2020;205;5.15;-0.3;293.1
Jupiter;2020;206;5.15;-0.3;293.2
Jupiter;2020;207;5.15;-0.3;293.2
Jupiter;2020;208;5.15;-0.3;293.3
Jupiter;2020;209;5.15;-0.3;293.4
Jupiter;2020;210;5.15;-0.3;293.5
Jupiter;2020;211;5.15;-0.3;293.6
Jupiter;2020;212;5.15;-0.3;293.7
Jupiter;2020;213;5.15;-0.3;293.8
Jupiter;2020;214;5.15;-0.3;293.8
Jupiter;2020;215;5.15;-0.3;293.9
Jupiter;2020;216;5.15;-0.3;294.0
Jupiter;2020;217;5.15;-0.3;294.1
Jupiter;2020;218;5.15;-0.3;294.2
Jupiter;2020;219;5.15;-0.3;294.3
Jupiter;2020;220;5.15;-0.3;294.3
Jupiter;2020;221;5.15;-0.3;294.4
Jupiter;2020;222;5.15;-0.3;294.5
Jupiter;2020;223;5.14;-0.3;294.6
Jupiter;2020;224;5.14;-0.3;294.7
Jupiter;2020;225;5.14;-0.3;294.8
Jupiter;2020;226;5.14;-0.3;294.9
Jupiter;2020;227;5.14;-0.3;294.9
Jupiter;2020;228;5.14;-0.3;295.0
Jupiter;2020;229;5.14;-0.3;295.1
Jupiter;2020;230;5.14;-0.3;295.2
Jupiter;2020;231;5.14;-0.3;295.3
Jupiter;2020;232;5.14;-0.3;295.4
Jupiter;2020;233;5.14;-0.3;295.4
Jupiter;2020;234;5.14;-0.3;295.5
Jupiter;2020;235;5.14;-0.3;295.6
Jupiter;2020;236;5.14;-0.3;295.7
Jupiter;2020;237;5.14;-0.3;295.8
Jupiter;2020;238;5.14;-0.3;295.9
Jupiter;2020;239;5.14;-0.3;296.0
Jupiter;2020;240;5.14;-0.3;296.0
Jupiter;2020;241;5.14;-0.3;296.1
Jupiter;2020;242;5.14;-0.3;296.2
Jupiter;2020;243;5.14;-0.3;296.3
Jupiter;2020;244;5.14;-0.3;296.4
Jupiter;2020;245;5.14;-0.3;296.5
Jupiter;2020;246;5.14;-0.3;296.6
Jupiter;2020;247;5.14;-0.4;296.6
Jupiter;2020;248;5.14;-0.4;296.7
Jupiter;2020;249;5.14;-0.4;296.8
Jupiter;2020;250;5.14;-0.4;296.9
Jupiter;2020;251;5.13;-0.4;297.0
Jupiter;2020;252;5.13;-0.4;297.1
Jupiter;2020;253;5.13;-0.4;297.2
Jupiter;2020;254;5.13;-0.4;297.2
Jupiter;2020;255;5.13;-0.4;297.3
Jupiter;2020;256;5.13;-0.4;297.4
Jupiter;2020;257;5.13;-0.4;297.5
Jupiter;2020;258;5.13;-0.4;297.6
Jupiter;2020;259;5.13;-0.4;297.7
Jupiter;2020;260;5.13;-0.4;297.7
Jupiter;2020;261;5.13;-0.4;297.8
Jupiter;2020;262;5.13;-0.4;297.9
Jupiter;2020;263;5.13;-0.4;298.0
Jupiter;2020;264;5.13;-0.4;298.1
Jupiter;2020;265;5.13;-0.4;298.2
Jupiter;2020;266;5.13;-0.4;298.3
Jupiter;2020;267;5.13;-0.4;298.3
Jupiter;2020;268;5.13;-0.4;298.4
Jupiter;2020;269;5.13;-0.4;298.5
Jupiter;2020;270;5.13;-0.4;298.6
Jupiter;2020;271;5.13;-0.4;298.7
Jupiter;2020;272;5.13;-0.4;298.8
Jupiter;2020;273;5.13;-0.4;298.9
Jupiter;2020;274;5.13;-0.4;298.9
Jupiter;2020;275;5.13;-0.4;299.0
Jupiter;2020;276;5.13;-0.4;299.1
Jupiter;2020;277;5.13;-0.4;299.2
Jupiter;2020;278;5.13;-0.4;299.3
Jupiter;2020;279;5.12;-0.4;299.4
Jupiter;2020;280;5.12;-0.4;299.5
Jupiter;2020;281;5.12;-0.4;299.5
Jupiter;2020;282;5.12;-0.4;299.6
Jupiter;2020;283;5.12;-0.4;299.7
Jupiter;2020;284;5.12;-0.4;299.8
Jupiter;2020;285;5.12;-0.4;299.9
Jupiter;2020;286;5.12;-0.4;300.0
Jupiter;2020;287;5.12;-0.4;300.1
Jupiter;2020;288;5.12;-0.4;300.1
Jupiter;2020;289;5.12;-0.4;300.2
Jupiter;2020;290;5.12;-0.4;300.3
Jupiter;2020;291;5.12;-0.4;300.4
Jupiter;2020;292;5.12;-0.4;300.5
Jupiter;2020;293;5.12;-0.4;300.6
Jupiter;2020;294;5.12;-0.4;300.7
Jupiter;2020;295;5.12;-0.4;300.7
Jupiter;2020;296;5.12;-0.4;300.8
Jupiter;2020;297;5.12;-0.4;300.9
Jupiter;2020;298;5.12;-0.4;301.0
Jupiter;2020;299;5.12;-0.4;301.1
Jupiter;2020;300;5.12;-0.4;301.2
Jupiter;2020;301;5.12;-0.5;301.3
Jupiter;2020;302;5.12;-0.5;301.3
Jupiter;2020;303;5.12;-0.5;301.4
Jupiter;2020;304;5.12;-0.5;301.5
Jupiter;2020;305;5.12;-0.5;301.6
Jupiter;2020;306;5.12;-0.5;301.7
Jupiter;2020;307;5.12;-0.5;301.8
Jupiter;2020;308;5.11;-0.5;301.9
Jupiter;2020;309;5.11;-0.5;301.9
Jupiter;2020;310;5.11;-0.5;302.0
Jupiter;2020;311;5.11;-0.5;302.1
Jupiter;2020;312;5.11;-0.5;302.2
Jupiter;2020;313;5.11;-0.5;302.3
Jupiter;2020;314;5.11;-0.5;302.4
Jupiter;2020;315;5.11;-0.5;302.5
Jupiter;2020;316;5.11;-0.5;302.5
Jupiter;2020;317;5.11;-0.5;302.6
Jupiter;2020;318;5.11;-0.5;302.7
Jupiter;2020;319;5.11;-0.5;302.8
Jupiter;2020;320;5.11;-0.5;302.9
Jupiter;2020;321;5.11;-0.5;303.0
Jupiter;2020;322;5.11;-0.5;303.1
Jupiter;2020;323;5.11;-0.5;303.1
Jupiter;2020;324;5.11;-0.5;303.2
Jupiter;2020;325;5.11;-0.5;303.3
Jupiter;2020;326;5.11;-0.5;303.4
Jupiter;2020;327;5.11;-0.5;303.5
Jupiter;2020;328;5.11;-0.5;303.6
Jupiter;2020;329;5.11;-0.5;303.7
Jupiter;2020;330;5.11;-0.5;303.7
Jupiter;2020;331;5.11;-0.5;303.8
Jupiter;2020;332;5.11;-0.5;303.9
Jupiter;2020;333;5.11;-0.5;304.0
Jupiter;2020;334;5.11;-0.5;304.1
Jupiter;2020;335;5.11;-0.5;304.2
Jupiter;2020;336;5.11;-0.5;304.3
Jupiter;2020;337;5.10;-0.5;304.3
Jupiter;2020;338;5.10;-0.5;304.4
Jupiter;2020;339;5.10;-0.5;304.5
Jupiter;2020;340;5.10;-0.5;304.6
Jupiter;2020;341;5.10;-0.5;304.7
Jupiter;2020;342;5.10;-0.5;304.8
Jupiter;2020;343;5.10;-0.5;304.9
Jupiter;2020;344;5.10;-0.5;305.0
Jupiter;2020;345;5.10;-0.5;305.0
Jupiter;2020;346;5.10;-0.5;305.1
Jupiter;2020;347;5.10;-0.5;305.2
Jupiter;2020;348;5.10;-0.5;305.3
Jupiter;2020;349;5.10;-0.5;305.4
Jupiter;2020;350;5.10;-0.5;305.5
Jupiter;2020;351;5.10;-0.5;305.6
Jupiter;2020;352;5.10;-0.5;305.6
Jupiter;2020;353;5.10;-0.5;305.7
Jupiter;2020;354;5.10;-0.5;305.8
Jupiter;2020;355;5.10;-0.5;305.9
Jupiter;2020;356;5.10;-0.5;306.0
Jupiter;2020;357;5.10;-0.6;306.1
Jupiter;2020;358;5.10;-0.6;306.2
Jupiter;2020;359;5.10;-0.6;306.2
Jupiter;2020;360;5.10;-0.6;306.3
Jupiter;2020;361;5.10;-0.6;306.4
Jupiter;2020;362;5.10;-0.6;306.5
Jupiter;2020;363;5.10;-0.6;306.6
Jupiter;2020;364;5.10;-0.6;306.7
Jupiter;2020;365;5.10;-0.6;306.8
Jupiter;2020;366;5.09;-0.6;306.9
Saturn;2020;1;10.03;0.1;292.5
Saturn;2020;2;10.03;0.1;292.6
Saturn;2020;3;10.03;0.1;292.6
Saturn;2020;4;10.03;0.1;292.6
Saturn;2020;5;10.03;0.1;292.6
Saturn;2020;6;10.03;0.1;292.7
Saturn;2020;7;10.03;0.1;292.7
Saturn;2020;8;10.03;0.1;292.7
Saturn;2020;9;10.03;0.1;292.8
Saturn;2020;10;10.03;0.1;292.8
Saturn;2020;11;10.03;0.1;292.8
Saturn;2020;12;10.03;0.1;292.9
Saturn;2020;13;10.03;0.0;292.9
Saturn;2020;14;10.03;0.0;292.9
Saturn;2020;15;10.03;0.0;292.9
Saturn;2020;16;10.03;0.0;293.0
Saturn;2020;17;10.03;0.0;293.0
Saturn;2020;18;10.03;0.0;293.0
Saturn;2020;19;10.03;0.0;293.1
Saturn;2020;20;10.03;0.0;293.1
Saturn;2020;21;10.03;0.0;293.1
Saturn;2020;22;10.03;0.0;293.2
Saturn;2020;23;10.03;0.0;293.2
Saturn;2020;24;10.03;0.0;293.2
Saturn;2020;25;10.03;0.0;293.2
Saturn;2020;26;10.03;0.0;293.3
Saturn;2020;27;10.03;0.0;293.3
Saturn;2020;28;10.03;0.0;293.3
Saturn;2020;29;10.03;0.0;293.4
Saturn;2020;30;10.03;0.0;293.4
Saturn;2020;31;10.03;0.0;293.4
Saturn;2020;32;10.03;0.0;293.5
Saturn;2020;33;10.03;0.0;293.5
Saturn;2020;34;10.03;0.0;293.5
Saturn;2020;35;10.03;0.0;293.6
Saturn;2020;36;10.03;0.0;293.6
Saturn;2020;37;10.03;0.0;293.6
Saturn;2020;38;10.03;0.0;293.6
Saturn;2020;39;10.03;0.0;293.7
Saturn;2020;40;10.03;0.0;293.7
Saturn;2020;41;10.03;0.0;293.7
Saturn;2020;42;10.03;0.0;293.8
Saturn;2020;43;10.03;0.0;293.8
Saturn;2020;44;10.03;0.0;293.8
Saturn;2020;45;10.03;0.0;293.9
Saturn;2020;46;10.03;0.0;293.9
Saturn;2020;47;10.03;0.0;293.9
Saturn;2020;48;10.03;0.0;293.9
Saturn;2020;49;10.03;0.0;294.0
Saturn;2020;50;10.03;0.0;294.0
Saturn;2020;51;10.03;-0.0;294.0
Saturn;2020;52;10.03;-0.0;294.1
Saturn;2020;53;10.03;-0.0;294.1
Saturn;2020;54;10.03;-0.0;294.1
Saturn;2020;55;10.03;-0.0;294.2
Saturn;2020;56;10.03;-0.0;294.2
Saturn;2020;57;10.03;-0.0;294.2
Saturn;2020;58;10.03;-0.0;294.2
Saturn;2020;59;10.03;-0.0;294.3
Saturn;2020;60;10.03;-0.0;294.3
Saturn;2020;61;10.03;-0.0;294.3
Saturn;2020;62;10.03;-0.0;294.4
Saturn;2020;63;10.03;-0.0;294.4
Saturn;2020;64;10.02;-0.0;294.4
Saturn;2020;65;10.02;-0.0;294.5
Saturn;2020;66;10.02;-0.0;294.5
Saturn;2020;67;10.02;-0.0;294.5
Saturn;2020;68;10.02;-0.0;294.6
Saturn;2020;69;10.02;-0.0;294.6
Saturn;2020;70;10.02;-0.0;294.6
Saturn;2020;71;10.02;-0.0;294.6
Saturn;2020;72;10.02;-0.0;294.7
Saturn;2020;73;10.02;-0.0;294.7
Saturn;2020;74;10.02;-0.0;294.7
Saturn;2020;75;10.02;-0.0;294.8
Saturn;2020;76;10.02;-0.0;294.8
Saturn;2020;77;10.02;-0.0;294.8
Saturn;2020;78;10.02;-0.0;294.9
Saturn;2020;79;10.02;-0.0;294.9
Saturn;2020;80;10.02;-0.0;294.9
Saturn;2020;81;10.02;-0.0;294.9
Saturn;2020;82;10.02;-0.0;295.0
Saturn;2020;83;10.02;-0.0;295.0
Saturn;2020;84;10.02;-0.0;295.0
Saturn;2020;85;10.02;-0.0;295.1
Saturn;2020;86;10.02;-0.0;295.1
Saturn;2020;87;10.02;-0.0;295.1
Saturn;2020;88;10.02;-0.0;295.2
Saturn;2020;89;10.02;-0.1;295.2
Saturn;2020;90;10.02;-0.1;295.2
Saturn;2020;91;10.02;-0.1;295.2
Saturn;2020;92;10.02;-0.1;295.3
Saturn;2020;93;10.02;-0.1;295.3
Saturn;2020;94;10.02;-0.1;295.3
Saturn;2020;95;10.02;-0.1;295.4
Saturn;2020;96;10.02;-0.1;295.4
Saturn;2020;97;10.02;-0.1;295.4
Saturn;2020;98;10.02;-0.1;295.5
Saturn;2020;99;10.02;-0.1;295.5
Saturn;2020;100;10.02;-0.1;295.5
Saturn;2020;101;10.02;-0.1;295.6
Saturn;2020;102;10.02;-0.1;295.6
Saturn;2020;103;10.02;-0.1;295.6
Saturn;2020;104;10.02;-0.1;295.6
Saturn;2020;105;10.02;-0.1;295.7
Saturn;2020;106;10.02;-0.1;295.7
Saturn;2020;107;10.02;-0.1;295.7
Saturn;2020;108;10.02;-0.1;295.8
Saturn;2020;109;10.02;-0.1;295.8
Saturn;2020;110;10.02;-0.1;295.8
Saturn;2020;111;10.02;-0.1;295.9
Saturn;2020;112;10.02;-0.1;295.9
Saturn;2020;113;10.02;-0.1;295.9
Saturn;2020;114;10.02;-0.1;295.9
Saturn;2020;115;10.02;-0.1;296.0
Saturn;2020;116;10.02;-0.1;296.0
Saturn;2020;117;10.02;-0.1;296.0
Saturn;2020;118;10.02;-0.1;296.1
Saturn;2020;119;10.02;-0.1;296.1
Saturn;2020;120;10.02;-0.1;296.1
Saturn;2020;121;10.02;-0.1;296.2
Saturn;2020;122;10.02;-0.1;296.2
Saturn;2020;123;10.02;-0.1;296.2
Saturn;2020;124;10.02;-0.1;296.2
Saturn;2020;125;10.02;-0.1;296.3
Saturn;2020;126;10.02;-0.1;296.3
Saturn;2020;127;10.02;-0.1;296.3
Saturn;2020;128;10.02;-0.1;296.4
Saturn;2020;129;10.02;-0.1;296.4
Saturn;2020;130;10.02;-0.1;296.4
Saturn;2020;131;10.02;-0.1;296.5
Saturn;2020;132;10.02;-0.1;296.5
Saturn;2020;133;10.02;-0.1;296.5
Saturn;2020;134;10.02;-0.1;296.6
Saturn;2020;135;10.02;-0.1;296.6
Saturn;2020;136;10.02;-0.1;296.6
Saturn;2020;137;10.02;-0.1;296.6
Saturn;2020;138;10.02;-0.1;296.7
Saturn;2020;139;10.02;-0.1;296.7
Saturn;2020;140;10.02;-0.1;296.7
Saturn;2020;141;10.02;-0.1;296.8
Saturn;2020;142;10.02;-0.1;296.8
Saturn;2020;143;10.02;-0.1;296.8
Saturn;2020;144;10.02;-0.1;296.9
Saturn;2020;145;10.02;-0.1;296.9
Saturn;2020;146;10.02;-0.1;296.9
Saturn;2020;147;10.02;-0.1;296.9
Saturn;2020;148;10.02;-0.1;297.0
Saturn;2020;149;10.02;-0.1;297.0
Saturn;2020;150;10.02;-0.1;297.0
Saturn;2020;151;10.01;-0.1;297.1
Saturn;2020;152;10.01;-0.1;297.1
Saturn;2020;153;10.01;-0.1;297.1
Saturn;2020;154;10.01;-0.1;297.2
Saturn;2020;155;10.01;-0.1;297.2
Saturn;2020;156;10.01;-0.1;297.2
Saturn;2020;157;10.01;-0.1;297.2
Saturn;2020;158;10.01;-0.1;297.3
Saturn;2020;159;10.01;-0.1;297.3
Saturn;2020;160;10.01;-0.1;297.3
Saturn;2020;161;10.01;-0.1;297.4
Saturn;2020;162;10.01;-0.1;297.4
Saturn;2020;163;10.01;-0.1;297.4
Saturn;2020;164;10.01;-0.1;297.5
Saturn;2020;165;10.01;-0.2;297.5
Saturn;2020;166;10.01;-0.2;297.5
Saturn;2020;167;10.01;-0.2;297.6
Saturn;2020;168;10.01;-0.2;297.6
Saturn;2020;169;10.01;-0.2;297.6
Saturn;2020;170;10.01;-0.2;297.6
Saturn;2020;171;10.01;-0.2;297.7
Saturn;2020;172;10.01;-0.2;297.7
Saturn;2020;173;10.01;-0.2;297.7
Saturn;2020;174;10.01;-0.2;297.8
Saturn;2020;175;10.01;-0.2;297.8
Saturn;2020;176;10.01;-0.2;297.8
Saturn;2020;177;10.01;-0.2;297.9
Saturn;2020;178;10.01;-0.2;297.9
Saturn;2020;179;10.01;-0.2;297.9
Saturn;2020;180;10.01;-0.2;297.9
Saturn;2020;181;10.01;-0.2;298.0
Saturn;2020;182;10.01;-0.2;298.0
Saturn;2020;183;10.01;-0.2;298.0
Saturn;2020;184;10.01;-0.2;298.1
Saturn;2020;185;10.01;-0.2;298.1
Saturn;2020;186;10.01;-0.2;298.1
Saturn;2020;187;10.01;-0.2;298.2
Saturn;2020;188;10.01;-0.2;298.2
Saturn;2020;189;10.01;-0.2;298.2
Saturn;2020;190;10.01;-0.2;298.3
Saturn;2020;191;10.01;-0.2;298.3
Saturn;2020;192;10.01;-0.2;298.3
Saturn;2020;193;10.01;-0.2;298.3
Saturn;2020;194;10.01;-0.2;298.4
Saturn;2020;195;10.01;-0.2;298.4
Saturn;2020;196;10.01;-0.2;298.4
Saturn;2020;197;10.01;-0.2;298.5
Saturn;2020;198;10.01;-0.2;298.5
Saturn;2020;199;10.01;-0.2;298.5
Saturn;2020;200;10.01;-0.2;298.6
Saturn;2020;201;10.01;-0.2;298.6
Saturn;2020;202;10.01;-0.2;298.6
Saturn;2020;203;10.01;-0.2;298.6
Saturn;2020;204;10.01;-0.2;298.7
Saturn;2020;205;10.01;-0.2;298.7
Saturn;2020;206;10.01;-0.2;298.7
Saturn;2020;207;10.01;-0.2;298.8
Saturn;2020;208;10.01;-0.2;298.8
Saturn;2020;209;10.01;-0.2;298.8
Saturn;2020;210;10.01;-0.2;298.9
Saturn;2020;211;10.01;-0.2;298.9
Saturn;2020;212;10.01;-0.2;298.9
Saturn;2020;213;10.01;-0.2;298.9
Saturn;2020;214;10.01;-0.2;299.0
Saturn;2020;215;10.01;-0.2;299.0
Saturn;2020;216;10.01;-0.2;299.0
Saturn;2020;217;10.01;-0.2;299.1
Saturn;2020;218;10.01;-0.2;299.1
Saturn;2020;219;10.01;-0.2;299.1
Saturn;2020;220;10.01;-0.2;299.2
Saturn;2020;221;10.01;-0.2;299.2
Saturn;2020;222;10.01;-0.2;299.2
Saturn;2020;223;10.01;-0.2;299.3
Saturn;2020;224;10.01;-0.2;299.3
Saturn;2020;225;10.01;-0.2;299.3
Saturn;2020;226;10.01;-0.2;299.3
Saturn;2020;227;10.01;-0.2;299.4
Saturn;2020;228;10.00;-0.2;299.4
Saturn;2020;229;10.00;-0.2;299.4
Saturn;2020;230;10.00;-0.2;299.5
Saturn;2020;231;10.00;-0.2;299.5
Saturn;2020;232;10.00;-0.2;299.5
Saturn;2020;233;10.00;-0.2;299.6
Saturn;2020;234;10.00;-0.2;299.6
Saturn;2020;235;10.00;-0.2;299.6
Saturn;2020;236;10.00;-0.2;299.6
Saturn;2020;237;10.00;-0.2;299.7
Saturn;2020;238;10.00;-0.2;299.7
Saturn;2020;239;10.00;-0.2;299.7
Saturn;2020;240;10.00;-0.2;299.8
Saturn;2020;241;10.00;-0.3;299.8
Saturn;2020;242;10.00;-0.3;299.8
Saturn;2020;243;10.00;-0.3;299.9
Saturn;2020;244;10.00;-0.3;299.9
Saturn;2020;245;10.00;-0.3;299.9
Saturn;2020;246;10.00;-0.3;300.0
Saturn;2020;247;10.00;-0.3;300.0
Saturn;2020;248;10.00;-0.3;300.0
Saturn;2020;249;10.00;-0.3;300.0
Saturn;2020;250;10.00;-0.3;300.1
Saturn;2020;251;10.00;-0.3;300.1
Saturn;2020;252;10.00;-0.3;300.1
Saturn;2020;253;10.00;-0.3;300.2
Saturn;2020;254;10.00;-0.3;300.2
Saturn;2020;255;10.00;-0.3;300.2
Saturn;2020;256;10.00;-0.3;300.3
Saturn;2020;257;10.00;-0.3;300.3
Saturn;2020;258;10.00;-0.3;300.3
Saturn;2020;259;10.00;-0.3;300.3
Saturn;2020;260;10.00;-0.3;300.4
Saturn;2020;261;10.00;-0.3;300.4
Saturn;2020;262;10.00;-0.3;300.4
Saturn;2020;263;10.00;-0.3;300.5
Saturn;2020;264;10.00;-0.3;300.5
Saturn;2020;265;10.00;-0.3;300.5
Saturn;2020;266;10.00;-0.3;300.6
Saturn;2020;267;10.00;-0.3;300.6
Saturn;2020;268;10.00;-0.3;300.6
Saturn;2020;269;10.00;-0.3;300.7
Saturn;2020;270;10.00;-0.3;300.7
Saturn;2020;271;10.00;-0.3;300.7
Saturn;2020;272;10.00;-0.3;300.7
Saturn;2020;273;10.00;-0.3;300.8
Saturn;2020;274;10.00;-0.3;300.8
Saturn;2020;275;10.00;-0.3;300.8
Saturn;2020;276;10.00;-0.3;300.9
Saturn;2020;277;10.00;-0.3;300.9
Saturn;2020;278;10.00;-0.3;300.9
Saturn;2020;279;10.00;-0.3;301.0
Saturn;2020;280;10.00;-0.3;301.0
Saturn;2020;281;10.00;-0.3;301.0
Saturn;2020;282;10.00;-0.3;301.0
Saturn;2020;283;10.00;-0.3;301.1
Saturn;2020;284;10.00;-0.3;301.1
Saturn;2020;285;10.00;-0.3;301.1
Saturn;2020;286;10.00;-0.3;301.2
Saturn;2020;287;10.00;-0.3;301.2
Saturn;2020;288;10.00;-0.3;301.2
Saturn;2020;289;10.00;-0.3;301.3
Saturn;2020;290;10.00;-0.3;301.3
Saturn;2020;291;10.00;-0.3;301.3
Saturn;2020;292;10.00;-0.3;301.4
Saturn;2020;293;10.00;-0.3;301.4
Saturn;2020;294;10.00;-0.3;301.4
Saturn;2020;295;10.00;-0.3;301.4
Saturn;2020;296;10.00;-0.3;301.5
Saturn;2020;297;10.00;-0.3;301.5
Saturn;2020;298;10.00;-0.3;301.5
Saturn;2020;299;9.99;-0.3;301.6
Saturn;2020;300;9.99;-0.3;301.6
Saturn;2020;301;9.99;-0.3;301.6
Saturn;2020;302;9.99;-0.3;301.7
Saturn;2020;303;9.99;-0.3;301.7
Saturn;2020;304;9.99;-0.3;301.7
Saturn;2020;305;9.99;-0.3;301.7
Saturn;2020;306;9.99;-0.3;301.8
Saturn;2020;307;9.99;-0.3;301.8
Saturn;2020;308;9.99;-0.3;301.8
Saturn;2020;309;9.99;-0.3;301.9
Saturn;2020;310;9.99;-0.3;301.9
Saturn;2020;311;9.99;-0.3;301.9
Saturn;2020;312;9.99;-0.3;302.0
Saturn;2020;313;9.99;-0.3;302.0
Saturn;2020;314;9.99;-0.3;302.0
Saturn;2020;315;9.99;-0.3;302.1
Saturn;2020;316;9.99;-0.3;302.1
Saturn;2020;317;9.99;-0.4;302.1
Saturn;2020;318;9.99;-0.4;302.1
Saturn;2020;319;9.99;-0.4;302.2
Saturn;2020;320;9.99;-0.4;302.2
Saturn;2020;321;9.99;-0.4;302.2
Saturn;2020;322;9.99;-0.4;302.3
Saturn;2020;323;9.99;-0.4;302.3
Saturn;2020;324;9.99;-0.4;302.3
Saturn;2020;325;9.99;-0.4;302.4
Saturn;2020;326;9.99;-0.4;302.4
Saturn;2020;327;9.99;-0.4;302.4
Saturn;2020;328;9.99;-0.4;302.5
Saturn;2020;329;9.99;-0.4;302.5
Saturn;2020;330;9.99;-0.4;302.5
Saturn;2020;331;9.99;-0.4;302.5
Saturn;2020;332;9.99;-0.4;302.6
Saturn;2020;333;9.99;-0.4;302.6
Saturn;2020;334;9.99;-0.4;302.6
Saturn;2020;335;9.99;-0.4;302.7
Saturn;2020;336;9.99;-0.4;302.7
Saturn;2020;337;9.99;-0.4;302.7
Saturn;2020;338;9.99;-0.4;302.8
Saturn;2020;339;9.99;-0.4;302.8
Saturn;2020;340;9.99;-0.4;302.8
Saturn;2020;341;9.99;-0.4;302.8
Saturn;2020;342;9.99;-0.4;302.9
Saturn;2020;343;9.99;-0.4;302.9
Saturn;2020;344;9.99;-0.4;302.9
Saturn;2020;345;9.99;-0.4;303.0
Saturn;2020;346;9.99;-0.4;303.0
Saturn;2020;347;9.99;-0.4;303.0
Saturn;2020;348;9.99;-0.4;303.1
Saturn;2020;349;9.99;-0.4;303.1
Saturn;2020;350;9.99;-0.4;303.1
Saturn;2020;351;9.99;-0.4;303.2
Saturn;2020;352;9.99;-0.4;303.2
Saturn;2020;353;9.99;-0.4;303.2
Saturn;2020;354;9.99;-0.4;303.2
Saturn;2020;355;9.99;-0.4;303.3
Saturn;2020;356;9.99;-0.4;303.3
Saturn;2020;357;9.99;-0.4;303.3
Saturn;2020;358;9.99;-0.4;303.4
Saturn;2020;359;9.99;-0.4;303.4
Saturn;2020;360;9.99;-0.4;303.4
Saturn;2020;361;9.99;-0.4;303.5
Saturn;2020;362;9.99;-0.4;303.5
Saturn;2020;363;9.99;-0.4;303.5
Saturn;2020;364;9.99;-0.4;303.5
Saturn;2020;365;9.98;-0.4;303.6
Saturn;2020;366;9.98;-0.4;303.6
